well_id,x,y,z,time_days,time_years,concentration_clean_mg_L,concentration_observed_mg_L,above_detection_limit,detection_limit_mg_L,eval_split
H01,420.0,215.0,221.28095238095236,2190.0,6.0,0.0005648725909096635,0.0,False,0.005,hidden_well
H01,420.0,215.0,221.28095238095236,2298.723404255319,6.297872340425532,0.0010796590704060653,0.0,False,0.005,hidden_well
H01,420.0,215.0,221.28095238095236,2407.446808510638,6.595744680851063,0.001902794863068142,0.0,False,0.005,hidden_well
H01,420.0,215.0,221.28095238095236,2516.1702127659573,6.8936170212765955,0.003138307522976463,0.0,False,0.005,hidden_well
H01,420.0,215.0,221.28095238095236,2624.8936170212764,7.191489361702128,0.004898782927787114,0.005659061528330394,True,0.005,hidden_well
H01,420.0,215.0,221.28095238095236,2733.6170212765956,7.489361702127659,0.007300837288252424,0.0,False,0.005,hidden_well
H01,420.0,215.0,221.28095238095236,2842.3404255319147,7.787234042553191,0.010460645872287337,0.011417098705429434,True,0.005,hidden_well
H01,420.0,215.0,221.28095238095236,2951.063829787234,8.085106382978724,0.01448976701493512,0.011373501880727992,True,0.005,hidden_well
H01,420.0,215.0,221.28095238095236,3059.7872340425533,8.382978723404255,0.019491562988185843,0.01932576332974611,True,0.005,hidden_well
H01,420.0,215.0,221.28095238095236,3168.5106382978724,8.680851063829788,0.025558281880819236,0.023305684668675837,True,0.005,hidden_well
H01,420.0,215.0,221.28095238095236,3277.2340425531916,8.97872340425532,0.03276876393678077,0.031785396937188216,True,0.005,hidden_well
H01,420.0,215.0,221.28095238095236,3385.9574468085107,9.27659574468085,0.041186858248259836,0.04272174454434634,True,0.005,hidden_well
H01,420.0,215.0,221.28095238095236,3494.68085106383,9.574468085106384,0.05086045032464864,0.05610978937862595,True,0.005,hidden_well
H01,420.0,215.0,221.28095238095236,3603.404255319149,9.872340425531915,0.06182098153335937,0.05933443617027266,True,0.005,hidden_well
H01,420.0,215.0,221.28095238095236,3712.1276595744685,10.170212765957448,0.07408349447896463,0.08330655281214526,True,0.005,hidden_well
H01,420.0,215.0,221.28095238095236,3820.8510638297876,10.46808510638298,0.08764706959482622,0.0839929236971907,True,0.005,hidden_well
H01,420.0,215.0,221.28095238095236,3929.5744680851067,10.765957446808512,0.1024955421317729,0.0956890381121194,True,0.005,hidden_well
H01,420.0,215.0,221.28095238095236,4038.297872340426,11.063829787234043,0.11859853828311406,0.11519719268990183,True,0.005,hidden_well
H01,420.0,215.0,221.28095238095236,4147.021276595745,11.361702127659575,0.1359126968381853,0.14182862668811885,True,0.005,hidden_well
H01,420.0,215.0,221.28095238095236,4255.744680851064,11.659574468085108,0.15438299015438361,0.15991550722159673,True,0.005,hidden_well
H01,420.0,215.0,221.28095238095236,4364.468085106383,11.957446808510639,0.17394412754171626,0.16871258208803927,True,0.005,hidden_well
H01,420.0,215.0,221.28095238095236,4473.191489361702,12.25531914893617,0.1945215349064577,0.19174250594237194,True,0.005,hidden_well
H01,420.0,215.0,221.28095238095236,4581.914893617021,12.553191489361703,0.21603108031776833,0.2139721550172812,True,0.005,hidden_well
H01,420.0,215.0,221.28095238095236,4690.63829787234,12.851063829787234,0.23837723242411835,0.23012864664007368,True,0.005,hidden_well
H01,420.0,215.0,221.28095238095236,4799.36170212766,13.148936170212766,0.2614502317496336,0.2525586359339975,True,0.005,hidden_well
H01,420.0,215.0,221.28095238095236,4908.085106382979,13.446808510638297,0.28512338275534116,0.30359356066121196,True,0.005,hidden_well
H01,420.0,215.0,221.28095238095236,5016.808510638298,13.74468085106383,0.309251509055939,0.3047302707964275,True,0.005,hidden_well
H01,420.0,215.0,221.28095238095236,5125.531914893618,14.042553191489365,0.3336711705991555,0.35070948827220755,True,0.005,hidden_well
H01,420.0,215.0,221.28095238095236,5234.255319148937,14.340425531914896,0.35820272746076226,0.3585290582015092,True,0.005,hidden_well
H01,420.0,215.0,221.28095238095236,5342.978723404256,14.638297872340427,0.38265394720314605,0.39194392589800675,True,0.005,hidden_well
H01,420.0,215.0,221.28095238095236,5451.702127659575,14.93617021276596,0.40682465216580566,0.43634125960355075,True,0.005,hidden_well
H01,420.0,215.0,221.28095238095236,5560.425531914894,15.234042553191491,0.4305118641566733,0.4072672013420938,True,0.005,hidden_well
H01,420.0,215.0,221.28095238095236,5669.148936170213,15.531914893617023,0.45351496940487324,0.44075177998953785,True,0.005,hidden_well
H01,420.0,215.0,221.28095238095236,5777.8723404255325,15.829787234042554,0.4756405406332999,0.47104956542741133,True,0.005,hidden_well
H01,420.0,215.0,221.28095238095236,5886.595744680852,16.127659574468087,0.4967065755507074,0.4876609700869728,True,0.005,hidden_well
H01,420.0,215.0,221.28095238095236,5995.319148936171,16.425531914893618,0.516546018972259,0.5001845775032624,True,0.005,hidden_well
H01,420.0,215.0,221.28095238095236,6104.04255319149,16.72340425531915,0.5350095196750614,0.5283612245255579,True,0.005,hidden_well
H01,420.0,215.0,221.28095238095236,6212.765957446809,17.02127659574468,0.5519674320958491,0.5367031319787118,True,0.005,hidden_well
H01,420.0,215.0,221.28095238095236,6321.489361702128,17.319148936170215,0.5673111106085389,0.5343577470313264,True,0.005,hidden_well
H01,420.0,215.0,221.28095238095236,6430.212765957447,17.617021276595747,0.5809535654368934,0.5975420900301854,True,0.005,hidden_well
H01,420.0,215.0,221.28095238095236,6538.936170212766,17.914893617021278,0.5928295591875047,0.5689447349981918,True,0.005,hidden_well
H01,420.0,215.0,221.28095238095236,6647.659574468085,18.21276595744681,0.60289522556509,0.5679475283114753,True,0.005,hidden_well
H01,420.0,215.0,221.28095238095236,6756.382978723404,18.51063829787234,0.6111272900047471,0.62199236069525,True,0.005,hidden_well
H01,420.0,215.0,221.28095238095236,6865.106382978724,18.80851063829787,0.6175219676922336,0.6328414769701387,True,0.005,hidden_well
H01,420.0,215.0,221.28095238095236,6973.829787234043,19.106382978723406,0.62209360895061,0.643645793214992,True,0.005,hidden_well
H01,420.0,215.0,221.28095238095236,7082.553191489362,19.404255319148938,0.6248731559315756,0.6267064614504112,True,0.005,hidden_well
H01,420.0,215.0,221.28095238095236,7191.276595744681,19.70212765957447,0.6259064683163691,0.6089644722123086,True,0.005,hidden_well
H01,420.0,215.0,221.28095238095236,7300.0,20.0,0.625252569476471,0.6261931959923607,True,0.005,hidden_well
H02,500.0,270.0,221.3190476190476,2190.0,6.0,1.8882544795693208e-13,0.0,False,0.005,hidden_well
H02,500.0,270.0,221.3190476190476,2298.723404255319,6.297872340425532,1.869964079098435e-12,0.0,False,0.005,hidden_well
H02,500.0,270.0,221.3190476190476,2407.446808510638,6.595744680851063,1.359786203236821e-11,0.0,False,0.005,hidden_well
H02,500.0,270.0,221.3190476190476,2516.1702127659573,6.8936170212765955,7.690594075866045e-11,0.0,False,0.005,hidden_well
H02,500.0,270.0,221.3190476190476,2624.8936170212764,7.191489361702128,3.5367314748471824e-10,0.0,False,0.005,hidden_well
H02,500.0,270.0,221.3190476190476,2733.6170212765956,7.489361702127659,1.3693833525519305e-09,0.0,False,0.005,hidden_well
H02,500.0,270.0,221.3190476190476,2842.3404255319147,7.787234042553191,4.589034014388629e-09,0.0,False,0.005,hidden_well
H02,500.0,270.0,221.3190476190476,2951.063829787234,8.085106382978724,1.3607788118432724e-08,0.0,False,0.005,hidden_well
H02,500.0,270.0,221.3190476190476,3059.7872340425533,8.382978723404255,3.634710571140563e-08,0.0,False,0.005,hidden_well
H02,500.0,270.0,221.3190476190476,3168.5106382978724,8.680851063829788,8.873069808946622e-08,0.0,False,0.005,hidden_well
H02,500.0,270.0,221.3190476190476,3277.2340425531916,8.97872340425532,2.0034447926940547e-07,0.0,False,0.005,hidden_well
H02,500.0,270.0,221.3190476190476,3385.9574468085107,9.27659574468085,4.225403012358225e-07,0.0,False,0.005,hidden_well
H02,500.0,270.0,221.3190476190476,3494.68085106383,9.574468085106384,8.393183085919409e-07,0.0,False,0.005,hidden_well
H02,500.0,270.0,221.3190476190476,3603.404255319149,9.872340425531915,1.581126406811197e-06,0.0,False,0.005,hidden_well
H02,500.0,270.0,221.3190476190476,3712.1276595744685,10.170212765957448,2.841469587872807e-06,0.0,False,0.005,hidden_well
H02,500.0,270.0,221.3190476190476,3820.8510638297876,10.46808510638298,4.895956198630821e-06,0.0,False,0.005,hidden_well
H02,500.0,270.0,221.3190476190476,3929.5744680851067,10.765957446808512,8.123153768277028e-06,0.0,False,0.005,hidden_well
H02,500.0,270.0,221.3190476190476,4038.297872340426,11.063829787234043,1.3026411307075787e-05,0.0,False,0.005,hidden_well
H02,500.0,270.0,221.3190476190476,4147.021276595745,11.361702127659575,2.02556486242013e-05,0.0,False,0.005,hidden_well
H02,500.0,270.0,221.3190476190476,4255.744680851064,11.659574468085108,3.062802820409449e-05,0.0,False,0.005,hidden_well
H02,500.0,270.0,221.3190476190476,4364.468085106383,11.957446808510639,4.514641501804577e-05,0.0,False,0.005,hidden_well
H02,500.0,270.0,221.3190476190476,4473.191489361702,12.25531914893617,6.501459044174304e-05,0.0,False,0.005,hidden_well
H02,500.0,270.0,221.3190476190476,4581.914893617021,12.553191489361703,9.164830875016461e-05,0.0,False,0.005,hidden_well
H02,500.0,270.0,221.3190476190476,4690.63829787234,12.851063829787234,0.00012668145542613066,0.0,False,0.005,hidden_well
H02,500.0,270.0,221.3190476190476,4799.36170212766,13.148936170212766,0.00017196677093932276,0.0,False,0.005,hidden_well
H02,500.0,270.0,221.3190476190476,4908.085106382979,13.446808510638297,0.00022957082672035966,0.0,False,0.005,hidden_well
H02,500.0,270.0,221.3190476190476,5016.808510638298,13.74468085106383,0.0003017631676909974,0.0,False,0.005,hidden_well
H02,500.0,270.0,221.3190476190476,5125.531914893618,14.042553191489365,0.00039099975535898256,0.0,False,0.005,hidden_well
H02,500.0,270.0,221.3190476190476,5234.255319148937,14.340425531914896,0.000499901045910542,0.0,False,0.005,hidden_well
H02,500.0,270.0,221.3190476190476,5342.978723404256,14.638297872340427,0.0006312252077536309,0.005744352111448473,True,0.005,hidden_well
H02,500.0,270.0,221.3190476190476,5451.702127659575,14.93617021276596,0.0007878371101098789,0.0,False,0.005,hidden_well
H02,500.0,270.0,221.3190476190476,5560.425531914894,15.234042553191491,0.0009726737857638936,0.005804231712354036,True,0.005,hidden_well
H02,500.0,270.0,221.3190476190476,5669.148936170213,15.531914893617023,0.001188707078528044,0.0,False,0.005,hidden_well
H02,500.0,270.0,221.3190476190476,5777.8723404255325,15.829787234042554,0.0014389041314666633,0.0,False,0.005,hidden_well
H02,500.0,270.0,221.3190476190476,5886.595744680852,16.127659574468087,0.0017261862716770463,0.0,False,0.005,hidden_well
H02,500.0,270.0,221.3190476190476,5995.319148936171,16.425531914893618,0.002053386729873815,0.0,False,0.005,hidden_well
H02,500.0,270.0,221.3190476190476,6104.04255319149,16.72340425531915,0.002423207531654226,0.0,False,0.005,hidden_well
H02,500.0,270.0,221.3190476190476,6212.765957446809,17.02127659574468,0.0028381758414263384,0.0,False,0.005,hidden_well
H02,500.0,270.0,221.3190476190476,6321.489361702128,17.319148936170215,0.0033006000470063262,0.0,False,0.005,hidden_well
H02,500.0,270.0,221.3190476190476,6430.212765957447,17.617021276595747,0.003812525944824526,0.006070512027658505,True,0.005,hidden_well
H02,500.0,270.0,221.3190476190476,6538.936170212766,17.914893617021278,0.004375693509935406,0.0,False,0.005,hidden_well
H02,500.0,270.0,221.3190476190476,6647.659574468085,18.21276595744681,0.004991494888681268,0.0,False,0.005,hidden_well
H02,500.0,270.0,221.3190476190476,6756.382978723404,18.51063829787234,0.005660934407418227,0.0,False,0.005,hidden_well
H02,500.0,270.0,221.3190476190476,6865.106382978724,18.80851063829787,0.006384591521667715,0.006495579537205517,True,0.005,hidden_well
H02,500.0,270.0,221.3190476190476,6973.829787234043,19.106382978723406,0.007162587715090406,0.006376556934940817,True,0.005,hidden_well
H02,500.0,270.0,221.3190476190476,7082.553191489362,19.404255319148938,0.00799455838304798,0.007196755474022515,True,0.005,hidden_well
H02,500.0,270.0,221.3190476190476,7191.276595744681,19.70212765957447,0.008879630695680304,0.008358311183481426,True,0.005,hidden_well
H02,500.0,270.0,221.3190476190476,7300.0,20.0,0.009816408332334546,0.010929268343759124,True,0.005,hidden_well
H03,610.0,235.0,221.36904761904762,2190.0,6.0,1.205817445804505e-22,0.0,False,0.005,hidden_well
H03,610.0,235.0,221.36904761904762,2298.723404255319,6.297872340425532,8.043057262176052e-21,0.0,False,0.005,hidden_well
H03,610.0,235.0,221.36904761904762,2407.446808510638,6.595744680851063,3.0720087344060587e-19,0.0,False,0.005,hidden_well
H03,610.0,235.0,221.36904761904762,2516.1702127659573,6.8936170212765955,7.441417226935768e-18,0.0,False,0.005,hidden_well
H03,610.0,235.0,221.36904761904762,2624.8936170212764,7.191489361702128,1.2368346510063872e-16,0.0,False,0.005,hidden_well
H03,610.0,235.0,221.36904761904762,2733.6170212765956,7.489361702127659,1.500275924640739e-15,0.0,False,0.005,hidden_well
H03,610.0,235.0,221.36904761904762,2842.3404255319147,7.787234042553191,1.394825836892241e-14,0.0,False,0.005,hidden_well
H03,610.0,235.0,221.36904761904762,2951.063829787234,8.085106382978724,1.0339501717149317e-13,0.0,False,0.005,hidden_well
H03,610.0,235.0,221.36904761904762,3059.7872340425533,8.382978723404255,6.310659905226541e-13,0.0,False,0.005,hidden_well
H03,610.0,235.0,221.36904761904762,3168.5106382978724,8.680851063829788,3.2563976405229873e-12,0.0,False,0.005,hidden_well
H03,610.0,235.0,221.36904761904762,3277.2340425531916,8.97872340425532,1.4522011088371848e-11,0.0,False,0.005,hidden_well
H03,610.0,235.0,221.36904761904762,3385.9574468085107,9.27659574468085,5.700593948618949e-11,0.0,False,0.005,hidden_well
H03,610.0,235.0,221.36904761904762,3494.68085106383,9.574468085106384,2.0004705376516512e-10,0.0,False,0.005,hidden_well
H03,610.0,235.0,221.36904761904762,3603.404255319149,9.872340425531915,6.358402501515055e-10,0.0,False,0.005,hidden_well
H03,610.0,235.0,221.36904761904762,3712.1276595744685,10.170212765957448,1.851003997202591e-09,0.0,False,0.005,hidden_well
H03,610.0,235.0,221.36904761904762,3820.8510638297876,10.46808510638298,4.982550124310516e-09,0.0,False,0.005,hidden_well
H03,610.0,235.0,221.36904761904762,3929.5744680851067,10.765957446808512,1.2503826598646623e-08,0.0,False,0.005,hidden_well
H03,610.0,235.0,221.36904761904762,4038.297872340426,11.063829787234043,2.9461833532504655e-08,0.0,False,0.005,hidden_well
H03,610.0,235.0,221.36904761904762,4147.021276595745,11.361702127659575,6.55806542098816e-08,0.0,False,0.005,hidden_well
H03,610.0,235.0,221.36904761904762,4255.744680851064,11.659574468085108,1.386511354168746e-07,0.0,False,0.005,hidden_well
H03,610.0,235.0,221.36904761904762,4364.468085106383,11.957446808510639,2.79735075160154e-07,0.0,False,0.005,hidden_well
H03,610.0,235.0,221.36904761904762,4473.191489361702,12.25531914893617,5.408105404222861e-07,0.0,False,0.005,hidden_well
H03,610.0,235.0,221.36904761904762,4581.914893617021,12.553191489361703,1.0055592516720453e-06,0.0,False,0.005,hidden_well
H03,610.0,235.0,221.36904761904762,4690.63829787234,12.851063829787234,1.8040329617668653e-06,0.0,False,0.005,hidden_well
H03,610.0,235.0,221.36904761904762,4799.36170212766,13.148936170212766,3.1319211174629563e-06,0.0,False,0.005,hidden_well
H03,610.0,235.0,221.36904761904762,4908.085106382979,13.446808510638297,5.275068224035419e-06,0.0,False,0.005,hidden_well
H03,610.0,235.0,221.36904761904762,5016.808510638298,13.74468085106383,8.639752619054973e-06,0.0,False,0.005,hidden_well
H03,610.0,235.0,221.36904761904762,5125.531914893618,14.042553191489365,1.3789040791988891e-05,0.0,False,0.005,hidden_well
H03,610.0,235.0,221.36904761904762,5234.255319148937,14.340425531914896,2.1485280508593955e-05,0.0,False,0.005,hidden_well
H03,610.0,235.0,221.36904761904762,5342.978723404256,14.638297872340427,3.2738504233993844e-05,0.0,False,0.005,hidden_well
H03,610.0,235.0,221.36904761904762,5451.702127659575,14.93617021276596,4.886019782665043e-05,0.0,False,0.005,hidden_well
H03,610.0,235.0,221.36904761904762,5560.425531914894,15.234042553191491,7.152156657371147e-05,0.005063059270498948,True,0.005,hidden_well
H03,610.0,235.0,221.36904761904762,5669.148936170213,15.531914893617023,0.00010281512040798245,0.0,False,0.005,hidden_well
H03,610.0,235.0,221.36904761904762,5777.8723404255325,15.829787234042554,0.00014531812080766646,0.0,False,0.005,hidden_well
H03,610.0,235.0,221.36904761904762,5886.595744680852,16.127659574468087,0.00020215619950261066,0.0,False,0.005,hidden_well
H03,610.0,235.0,221.36904761904762,5995.319148936171,16.425531914893618,0.0002770652865562601,0.0,False,0.005,hidden_well
H03,610.0,235.0,221.36904761904762,6104.04255319149,16.72340425531915,0.00037444988152202205,0.0,False,0.005,hidden_well
H03,610.0,235.0,221.36904761904762,6212.765957446809,17.02127659574468,0.000499435670513543,0.0,False,0.005,hidden_well
H03,610.0,235.0,221.36904761904762,6321.489361702128,17.319148936170215,0.0006579145337031221,0.0,False,0.005,hidden_well
H03,610.0,235.0,221.36904761904762,6430.212765957447,17.617021276595747,0.0008565800967418028,0.0,False,0.005,hidden_well
H03,610.0,235.0,221.36904761904762,6538.936170212766,17.914893617021278,0.0011029521463775936,0.0,False,0.005,hidden_well
H03,610.0,235.0,221.36904761904762,6647.659574468085,18.21276595744681,0.001405388442356481,0.0,False,0.005,hidden_well
H03,610.0,235.0,221.36904761904762,6756.382978723404,18.51063829787234,0.0017730826999696524,0.0,False,0.005,hidden_well
H03,610.0,235.0,221.36904761904762,6865.106382978724,18.80851063829787,0.002216047775874687,0.0,False,0.005,hidden_well
H03,610.0,235.0,221.36904761904762,6973.829787234043,19.106382978723406,0.00274508335154674,0.0,False,0.005,hidden_well
H03,610.0,235.0,221.36904761904762,7082.553191489362,19.404255319148938,0.0033717276649250687,0.0,False,0.005,hidden_well
H03,610.0,235.0,221.36904761904762,7191.276595744681,19.70212765957447,0.004108193086995161,0.0,False,0.005,hidden_well
H03,610.0,235.0,221.36904761904762,7300.0,20.0,0.004967285576233268,0.0,False,0.005,hidden_well
H04,760.0,275.0,221.4047619047619,2190.0,6.0,1.98308790048738e-56,0.0,False,0.005,hidden_well
H04,760.0,275.0,221.4047619047619,2298.723404255319,6.297872340425532,4.534299169458987e-52,0.0,False,0.005,hidden_well
H04,760.0,275.0,221.4047619047619,2407.446808510638,6.595744680851063,2.77948189738109e-48,0.0,False,0.005,hidden_well
H04,760.0,275.0,221.4047619047619,2516.1702127659573,6.8936170212765955,5.81139382859261e-45,0.0,False,0.005,hidden_well
H04,760.0,275.0,221.4047619047619,2624.8936170212764,7.191489361702128,4.989129229390294e-42,0.0,False,0.005,hidden_well
H04,760.0,275.0,221.4047619047619,2733.6170212765956,7.489361702127659,2.0336075315819088e-39,0.0,False,0.005,hidden_well
H04,760.0,275.0,221.4047619047619,2842.3404255319147,7.787234042553191,4.4165752954413765e-37,0.0,False,0.005,hidden_well
H04,760.0,275.0,221.4047619047619,2951.063829787234,8.085106382978724,5.607211458058848e-35,0.0,False,0.005,hidden_well
H04,760.0,275.0,221.4047619047619,3059.7872340425533,8.382978723404255,4.487411289934901e-33,0.0,False,0.005,hidden_well
H04,760.0,275.0,221.4047619047619,3168.5106382978724,8.680851063829788,2.4084221188895965e-31,0.0,False,0.005,hidden_well
H04,760.0,275.0,221.4047619047619,3277.2340425531916,8.97872340425532,9.125577884461605e-30,0.0,False,0.005,hidden_well
H04,760.0,275.0,221.4047619047619,3385.9574468085107,9.27659574468085,2.5481627886430114e-28,0.0,False,0.005,hidden_well
H04,760.0,275.0,221.4047619047619,3494.68085106383,9.574468085106384,5.436826634661238e-27,0.0,False,0.005,hidden_well
H04,760.0,275.0,221.4047619047619,3603.404255319149,9.872340425531915,9.140057913549368e-26,0.0,False,0.005,hidden_well
H04,760.0,275.0,221.4047619047619,3712.1276595744685,10.170212765957448,1.2428744393847063e-24,0.0,False,0.005,hidden_well
H04,760.0,275.0,221.4047619047619,3820.8510638297876,10.46808510638298,1.3981997803311813e-23,0.0,False,0.005,hidden_well
H04,760.0,275.0,221.4047619047619,3929.5744680851067,10.765957446808512,1.3268921649425728e-22,0.0,False,0.005,hidden_well
H04,760.0,275.0,221.4047619047619,4038.297872340426,11.063829787234043,1.0803831544793095e-21,0.0,False,0.005,hidden_well
H04,760.0,275.0,221.4047619047619,4147.021276595745,11.361702127659575,7.65974225149085e-21,0.0,False,0.005,hidden_well
H04,760.0,275.0,221.4047619047619,4255.744680851064,11.659574468085108,4.790419824178648e-20,0.0,False,0.005,hidden_well
H04,760.0,275.0,221.4047619047619,4364.468085106383,11.957446808510639,2.6730853353120647e-19,0.0,False,0.005,hidden_well
H04,760.0,275.0,221.4047619047619,4473.191489361702,12.25531914893617,1.34435281426055e-18,0.0,False,0.005,hidden_well
H04,760.0,275.0,221.4047619047619,4581.914893617021,12.553191489361703,6.148385987170619e-18,0.0,False,0.005,hidden_well
H04,760.0,275.0,221.4047619047619,4690.63829787234,12.851063829787234,2.5775944600466147e-17,0.0,False,0.005,hidden_well
H04,760.0,275.0,221.4047619047619,4799.36170212766,13.148936170212766,9.976085770756274e-17,0.0,False,0.005,hidden_well
H04,760.0,275.0,221.4047619047619,4908.085106382979,13.446808510638297,3.5872402214104966e-16,0.0,False,0.005,hidden_well
H04,760.0,275.0,221.4047619047619,5016.808510638298,13.74468085106383,1.205298743222437e-15,0.0,False,0.005,hidden_well
H04,760.0,275.0,221.4047619047619,5125.531914893618,14.042553191489365,3.803588821726398e-15,0.0,False,0.005,hidden_well
H04,760.0,275.0,221.4047619047619,5234.255319148937,14.340425531914896,1.1325801024358634e-14,0.0,False,0.005,hidden_well
H04,760.0,275.0,221.4047619047619,5342.978723404256,14.638297872340427,3.1955060758500826e-14,0.0,False,0.005,hidden_well
H04,760.0,275.0,221.4047619047619,5451.702127659575,14.93617021276596,8.575388177668938e-14,0.0,False,0.005,hidden_well
H04,760.0,275.0,221.4047619047619,5560.425531914894,15.234042553191491,2.196382381834683e-13,0.0,False,0.005,hidden_well
H04,760.0,275.0,221.4047619047619,5669.148936170213,15.531914893617023,5.385972009110418e-13,0.0,False,0.005,hidden_well
H04,760.0,275.0,221.4047619047619,5777.8723404255325,15.829787234042554,1.2681312066031694e-12,0.0,False,0.005,hidden_well
H04,760.0,275.0,221.4047619047619,5886.595744680852,16.127659574468087,2.874372728644615e-12,0.0,False,0.005,hidden_well
H04,760.0,275.0,221.4047619047619,5995.319148936171,16.425531914893618,6.2869458829180455e-12,0.0,False,0.005,hidden_well
H04,760.0,275.0,221.4047619047619,6104.04255319149,16.72340425531915,1.3298634458310836e-11,0.0,False,0.005,hidden_well
H04,760.0,275.0,221.4047619047619,6212.765957446809,17.02127659574468,2.7259677081441074e-11,0.0,False,0.005,hidden_well
H04,760.0,275.0,221.4047619047619,6321.489361702128,17.319148936170215,5.424837326993854e-11,0.0,False,0.005,hidden_well
H04,760.0,275.0,221.4047619047619,6430.212765957447,17.617021276595747,1.049900834866236e-10,0.0,False,0.005,hidden_well
H04,760.0,275.0,221.4047619047619,6538.936170212766,17.914893617021278,1.9792095312568648e-10,0.0,False,0.005,hidden_well
H04,760.0,275.0,221.4047619047619,6647.659574468085,18.21276595744681,3.639587054379125e-10,0.0,False,0.005,hidden_well
H04,760.0,275.0,221.4047619047619,6756.382978723404,18.51063829787234,6.537587184347139e-10,0.0,False,0.005,hidden_well
H04,760.0,275.0,221.4047619047619,6865.106382978724,18.80851063829787,1.1485069847690267e-09,0.0,False,0.005,hidden_well
H04,760.0,275.0,221.4047619047619,6973.829787234043,19.106382978723406,1.9756389572035248e-09,0.0,False,0.005,hidden_well
H04,760.0,275.0,221.4047619047619,7082.553191489362,19.404255319148938,3.3312792382499497e-09,0.0,False,0.005,hidden_well
H04,760.0,275.0,221.4047619047619,7191.276595744681,19.70212765957447,5.511673280049657e-09,0.0,False,0.005,hidden_well
H04,760.0,275.0,221.4047619047619,7300.0,20.0,8.956426749611634e-09,0.0,False,0.005,hidden_well
H05,340.0,260.0,221.2,2190.0,6.0,0.003571453058705915,0.0,False,0.005,hidden_well
H05,340.0,260.0,221.2,2298.723404255319,6.297872340425532,0.004977401055842098,0.0,False,0.005,hidden_well
H05,340.0,260.0,221.2,2407.446808510638,6.595744680851063,0.006677974471670552,0.006292947965947942,True,0.005,hidden_well
H05,340.0,260.0,221.2,2516.1702127659573,6.8936170212765955,0.008679091419980309,0.005193941133228602,True,0.005,hidden_well
H05,340.0,260.0,221.2,2624.8936170212764,7.191489361702128,0.010978987643797131,0.012646450132661502,True,0.005,hidden_well
H05,340.0,260.0,221.2,2733.6170212765956,7.489361702127659,0.01357034821858734,0.015009429097518595,True,0.005,hidden_well
H05,340.0,260.0,221.2,2842.3404255319147,7.787234042553191,0.016440320495313767,0.015504212388080016,True,0.005,hidden_well
H05,340.0,260.0,221.2,2951.063829787234,8.085106382978724,0.019570805448863506,0.017909755873572974,True,0.005,hidden_well
H05,340.0,260.0,221.2,3059.7872340425533,8.382978723404255,0.02294083166489568,0.02210657485363389,True,0.005,hidden_well
H05,340.0,260.0,221.2,3168.5106382978724,8.680851063829788,0.02652650175396777,0.027423180975686513,True,0.005,hidden_well
H05,340.0,260.0,221.2,3277.2340425531916,8.97872340425532,0.03030142470745733,0.03132165150320272,True,0.005,hidden_well
H05,340.0,260.0,221.2,3385.9574468085107,9.27659574468085,0.03423890483360705,0.03247801077919298,True,0.005,hidden_well
H05,340.0,260.0,221.2,3494.68085106383,9.574468085106384,0.0383115333284537,0.0397304588234355,True,0.005,hidden_well
H05,340.0,260.0,221.2,3603.404255319149,9.872340425531915,0.04249155196014,0.039899996851036436,True,0.005,hidden_well
H05,340.0,260.0,221.2,3712.1276595744685,10.170212765957448,0.04675269239552942,0.045420498602897354,True,0.005,hidden_well
H05,340.0,260.0,221.2,3820.8510638297876,10.46808510638298,0.05106935857312412,0.047930226616219526,True,0.005,hidden_well
H05,340.0,260.0,221.2,3929.5744680851067,10.765957446808512,0.055416903715648023,0.05648377264631497,True,0.005,hidden_well
H05,340.0,260.0,221.2,4038.297872340426,11.063829787234043,0.059772991278785007,0.05770951032318689,True,0.005,hidden_well
H05,340.0,260.0,221.2,4147.021276595745,11.361702127659575,0.06411467150323756,0.06488983020670822,True,0.005,hidden_well
H05,340.0,260.0,221.2,4255.744680851064,11.659574468085108,0.06841299316936157,0.06573492598287774,True,0.005,hidden_well
H05,340.0,260.0,221.2,4364.468085106383,11.957446808510639,0.07262995671225309,0.0721554095546143,True,0.005,hidden_well
H05,340.0,260.0,221.2,4473.191489361702,12.25531914893617,0.07671926027398636,0.07691373050640034,True,0.005,hidden_well
H05,340.0,260.0,221.2,4581.914893617021,12.553191489361703,0.08062954741534399,0.08396711485311657,True,0.005,hidden_well
H05,340.0,260.0,221.2,4690.63829787234,12.851063829787234,0.08430840831282684,0.09246980734049974,True,0.005,hidden_well
H05,340.0,260.0,221.2,4799.36170212766,13.148936170212766,0.08770599767611043,0.08544996027825974,True,0.005,hidden_well
H05,340.0,260.0,221.2,4908.085106382979,13.446808510638297,0.09077780393359085,0.09310455030735024,True,0.005,hidden_well
H05,340.0,260.0,221.2,5016.808510638298,13.74468085106383,0.09348651236581837,0.1001209017685263,True,0.005,hidden_well
H05,340.0,260.0,221.2,5125.531914893618,14.042553191489365,0.09580307678225368,0.10725732328515115,True,0.005,hidden_well
H05,340.0,260.0,221.2,5234.255319148937,14.340425531914896,0.09770715536043435,0.097562253548894,True,0.005,hidden_well
H05,340.0,260.0,221.2,5342.978723404256,14.638297872340427,0.09918705581725452,0.10235780187672722,True,0.005,hidden_well
H05,340.0,260.0,221.2,5451.702127659575,14.93617021276596,0.10023931291472428,0.10120687343521945,True,0.005,hidden_well
H05,340.0,260.0,221.2,5560.425531914894,15.234042553191491,0.10086800122023153,0.10102346833431819,True,0.005,hidden_well
H05,340.0,260.0,221.2,5669.148936170213,15.531914893617023,0.10108387006293416,0.0973598671385778,True,0.005,hidden_well
H05,340.0,260.0,221.2,5777.8723404255325,15.829787234042554,0.10090337427731931,0.10004199913285082,True,0.005,hidden_well
H05,340.0,260.0,221.2,5886.595744680852,16.127659574468087,0.10034766208870577,0.10006489593229674,True,0.005,hidden_well
H05,340.0,260.0,221.2,5995.319148936171,16.425531914893618,0.09944156968950954,0.09788569563833542,True,0.005,hidden_well
H05,340.0,260.0,221.2,6104.04255319149,16.72340425531915,0.0982126606819502,0.09684782149495463,True,0.005,hidden_well
H05,340.0,260.0,221.2,6212.765957446809,17.02127659574468,0.09669033795231208,0.09782237409049302,True,0.005,hidden_well
H05,340.0,260.0,221.2,6321.489361702128,17.319148936170215,0.09490504606842652,0.0957003430378227,True,0.005,hidden_well
H05,340.0,260.0,221.2,6430.212765957447,17.617021276595747,0.09288757422521478,0.09403218990267435,True,0.005,hidden_well
H05,340.0,260.0,221.2,6538.936170212766,17.914893617021278,0.09066846322076019,0.08553141887311042,True,0.005,hidden_well
H05,340.0,260.0,221.2,6647.659574468085,18.21276595744681,0.08827751490634766,0.08885750765962917,True,0.005,hidden_well
H05,340.0,260.0,221.2,6756.382978723404,18.51063829787234,0.08574339889554021,0.0934446333213195,True,0.005,hidden_well
H05,340.0,260.0,221.2,6865.106382978724,18.80851063829787,0.08309334885676269,0.07843013588736261,True,0.005,hidden_well
H05,340.0,260.0,221.2,6973.829787234043,19.106382978723406,0.08035293924288621,0.07735360985214218,True,0.005,hidden_well
H05,340.0,260.0,221.2,7082.553191489362,19.404255319148938,0.07754593262216906,0.07289028545588583,True,0.005,hidden_well
H05,340.0,260.0,221.2,7191.276595744681,19.70212765957447,0.07469418767619553,0.0796210329778613,True,0.005,hidden_well
H05,340.0,260.0,221.2,7300.0,20.0,0.07181761825590582,0.07442065342248524,True,0.005,hidden_well
H06,430.0,190.0,221.28571428571428,2190.0,6.0,1.9573701488529857e-06,0.0,False,0.005,hidden_well
H06,430.0,190.0,221.28571428571428,2298.723404255319,6.297872340425532,5.197950330980861e-06,0.0,False,0.005,hidden_well
H06,430.0,190.0,221.28571428571428,2407.446808510638,6.595744680851063,1.215308642848561e-05,0.0,False,0.005,hidden_well
H06,430.0,190.0,221.28571428571428,2516.1702127659573,6.8936170212765955,2.5633227056920547e-05,0.0,False,0.005,hidden_well
H06,430.0,190.0,221.28571428571428,2624.8936170212764,7.191489361702128,4.9674922082964026e-05,0.0,False,0.005,hidden_well
H06,430.0,190.0,221.28571428571428,2733.6170212765956,7.489361702127659,8.97017611813533e-05,0.0,False,0.005,hidden_well
H06,430.0,190.0,221.28571428571428,2842.3404255319147,7.787234042553191,0.00015260787792515813,0.0,False,0.005,hidden_well
H06,430.0,190.0,221.28571428571428,2951.063829787234,8.085106382978724,0.0002467557091702038,0.0,False,0.005,hidden_well
H06,430.0,190.0,221.28571428571428,3059.7872340425533,8.382978723404255,0.00038188950957922273,0.0,False,0.005,hidden_well
H06,430.0,190.0,221.28571428571428,3168.5106382978724,8.680851063829788,0.0005689730160411457,0.0,False,0.005,hidden_well
H06,430.0,190.0,221.28571428571428,3277.2340425531916,8.97872340425532,0.0008199647804015405,0.0,False,0.005,hidden_well
H06,430.0,190.0,221.28571428571428,3385.9574468085107,9.27659574468085,0.0011475472778947587,0.0,False,0.005,hidden_well
H06,430.0,190.0,221.28571428571428,3494.68085106383,9.574468085106384,0.0015648260282808031,0.0,False,0.005,hidden_well
H06,430.0,190.0,221.28571428571428,3603.404255319149,9.872340425531915,0.0020850146014691827,0.0,False,0.005,hidden_well
H06,430.0,190.0,221.28571428571428,3712.1276595744685,10.170212765957448,0.0027211198734175606,0.0050549040204184124,True,0.005,hidden_well
H06,430.0,190.0,221.28571428571428,3820.8510638297876,10.46808510638298,0.0034856394154774996,0.0,False,0.005,hidden_well
H06,430.0,190.0,221.28571428571428,3929.5744680851067,10.765957446808512,0.004390281068395175,0.0064622467673830395,True,0.005,hidden_well
H06,430.0,190.0,221.28571428571428,4038.297872340426,11.063829787234043,0.005445712506249608,0.00889111038670332,True,0.005,hidden_well
H06,430.0,190.0,221.28571428571428,4147.021276595745,11.361702127659575,0.006661346035508927,0.005067389404498461,True,0.005,hidden_well
H06,430.0,190.0,221.28571428571428,4255.744680851064,11.659574468085108,0.008045162331655215,0.009856627124703499,True,0.005,hidden_well
H06,430.0,190.0,221.28571428571428,4364.468085106383,11.957446808510639,0.009603574983497816,0.00926410633452379,True,0.005,hidden_well
H06,430.0,190.0,221.28571428571428,4473.191489361702,12.25531914893617,0.011341335719233406,0.012175834027678129,True,0.005,hidden_well
H06,430.0,190.0,221.28571428571428,4581.914893617021,12.553191489361703,0.01326147846175696,0.011790927412249515,True,0.005,hidden_well
H06,430.0,190.0,221.28571428571428,4690.63829787234,12.851063829787234,0.01536529510380827,0.015122717097442081,True,0.005,hidden_well
H06,430.0,190.0,221.28571428571428,4799.36170212766,13.148936170212766,0.01765232607144355,0.016282333925057416,True,0.005,hidden_well
H06,430.0,190.0,221.28571428571428,4908.085106382979,13.446808510638297,0.020120341473237647,0.021019213012883006,True,0.005,hidden_well
H06,430.0,190.0,221.28571428571428,5016.808510638298,13.74468085106383,0.0227652917044347,0.029113443460101546,True,0.005,hidden_well
H06,430.0,190.0,221.28571428571428,5125.531914893618,14.042553191489365,0.025581220000907623,0.023687693620759044,True,0.005,hidden_well
H06,430.0,190.0,221.28571428571428,5234.255319148937,14.340425531914896,0.028560146979629254,0.02721361638293138,True,0.005,hidden_well
H06,430.0,190.0,221.28571428571428,5342.978723404256,14.638297872340427,0.03169195105365247,0.033639963194893256,True,0.005,hidden_well
H06,430.0,190.0,221.28571428571428,5451.702127659575,14.93617021276596,0.03496427454107578,0.03071535489451252,True,0.005,hidden_well
H06,430.0,190.0,221.28571428571428,5560.425531914894,15.234042553191491,0.03836248316955329,0.036605684433145755,True,0.005,hidden_well
H06,430.0,190.0,221.28571428571428,5669.148936170213,15.531914893617023,0.04186969897088415,0.03939132063775445,True,0.005,hidden_well
H06,430.0,190.0,221.28571428571428,5777.8723404255325,15.829787234042554,0.045466916441156635,0.04280332893386622,True,0.005,hidden_well
H06,430.0,190.0,221.28571428571428,5886.595744680852,16.127659574468087,0.04913320195308409,0.05198688263202549,True,0.005,hidden_well
H06,430.0,190.0,221.28571428571428,5995.319148936171,16.425531914893618,0.05284596837381226,0.05580563911305952,True,0.005,hidden_well
H06,430.0,190.0,221.28571428571428,6104.04255319149,16.72340425531915,0.05658131131846334,0.05788393582767822,True,0.005,hidden_well
H06,430.0,190.0,221.28571428571428,6212.765957446809,17.02127659574468,0.060314390423728145,0.06111547761270319,True,0.005,hidden_well
H06,430.0,190.0,221.28571428571428,6321.489361702128,17.319148936170215,0.06401983804843467,0.06018613693644715,True,0.005,hidden_well
H06,430.0,190.0,221.28571428571428,6430.212765957447,17.617021276595747,0.06767217835988976,0.06718393256264805,True,0.005,hidden_well
H06,430.0,190.0,221.28571428571428,6538.936170212766,17.914893617021278,0.07124624132689243,0.07013572506045539,True,0.005,hidden_well
H06,430.0,190.0,221.28571428571428,6647.659574468085,18.21276595744681,0.07471755828549069,0.06924172092819642,True,0.005,hidden_well
H06,430.0,190.0,221.28571428571428,6756.382978723404,18.51063829787234,0.07806272815473465,0.08236990379163199,True,0.005,hidden_well
H06,430.0,190.0,221.28571428571428,6865.106382978724,18.80851063829787,0.08125974583924767,0.08094280450322364,True,0.005,hidden_well
H06,430.0,190.0,221.28571428571428,6973.829787234043,19.106382978723406,0.0842882867234422,0.08567427323733769,True,0.005,hidden_well
H06,430.0,190.0,221.28571428571428,7082.553191489362,19.404255319148938,0.08712994335377662,0.08412885553422975,True,0.005,hidden_well
H06,430.0,190.0,221.28571428571428,7191.276595744681,19.70212765957447,0.0897684123723369,0.09068689547588933,True,0.005,hidden_well
H06,430.0,190.0,221.28571428571428,7300.0,20.0,0.09218963148235862,0.09144163977907391,True,0.005,hidden_well
H07,580.0,180.0,221.35714285714283,2190.0,6.0,8.47315430949138e-23,0.0,False,0.005,hidden_well
H07,580.0,180.0,221.35714285714283,2298.723404255319,6.297872340425532,4.869607750127321e-21,0.0,False,0.005,hidden_well
H07,580.0,180.0,221.35714285714283,2407.446808510638,6.595744680851063,1.6321933487575322e-19,0.0,False,0.005,hidden_well
H07,580.0,180.0,221.35714285714283,2516.1702127659573,6.8936170212765955,3.5228791292906795e-18,0.0,False,0.005,hidden_well
H07,580.0,180.0,221.35714285714283,2624.8936170212764,7.191489361702128,5.284590772679592e-17,0.0,False,0.005,hidden_well
H07,580.0,180.0,221.35714285714283,2733.6170212765956,7.489361702127659,5.848741552805818e-16,0.0,False,0.005,hidden_well
H07,580.0,180.0,221.35714285714283,2842.3404255319147,7.787234042553191,5.008090148962157e-15,0.0,False,0.005,hidden_well
H07,580.0,180.0,221.35714285714283,2951.063829787234,8.085106382978724,3.447012803683393e-14,0.0,False,0.005,hidden_well
H07,580.0,180.0,221.35714285714283,3059.7872340425533,8.382978723404255,1.9674140107718237e-13,0.0,False,0.005,hidden_well
H07,580.0,180.0,221.35714285714283,3168.5106382978724,8.680851063829788,9.55326227108205e-13,0.0,False,0.005,hidden_well
H07,580.0,180.0,221.35714285714283,3277.2340425531916,8.97872340425532,4.031207576189269e-12,0.0,False,0.005,hidden_well
H07,580.0,180.0,221.35714285714283,3385.9574468085107,9.27659574468085,1.504711340376014e-11,0.0,False,0.005,hidden_well
H07,580.0,180.0,221.35714285714283,3494.68085106383,9.574468085106384,5.0429698905746893e-11,0.0,False,0.005,hidden_well
H07,580.0,180.0,221.35714285714283,3603.404255319149,9.872340425531915,1.5367948352409463e-10,0.0,False,0.005,hidden_well
H07,580.0,180.0,221.35714285714283,3712.1276595744685,10.170212765957448,4.3043073509625745e-10,0.0,False,0.005,hidden_well
H07,580.0,180.0,221.35714285714283,3820.8510638297876,10.46808510638298,1.118237588193272e-09,0.0,False,0.005,hidden_well
H07,580.0,180.0,221.35714285714283,3929.5744680851067,10.765957446808512,2.7160240759054604e-09,0.0,False,0.005,hidden_well
H07,580.0,180.0,221.35714285714283,4038.297872340426,11.063829787234043,6.209555207609751e-09,0.0,False,0.005,hidden_well
H07,580.0,180.0,221.35714285714283,4147.021276595745,11.361702127659575,1.3442584333687221e-08,0.0,False,0.005,hidden_well
H07,580.0,180.0,221.35714285714283,4255.744680851064,11.659574468085108,2.769746271361644e-08,0.0,False,0.005,hidden_well
H07,580.0,180.0,221.35714285714283,4364.468085106383,11.957446808510639,5.4562468929261535e-08,0.0,False,0.005,hidden_well
H07,580.0,180.0,221.35714285714283,4473.191489361702,12.25531914893617,1.0317414558059827e-07,0.0,False,0.005,hidden_well
H07,580.0,180.0,221.35714285714283,4581.914893617021,12.553191489361703,1.87929664337123e-07,0.0,False,0.005,hidden_well
H07,580.0,180.0,221.35714285714283,4690.63829787234,12.851063829787234,3.307649991460456e-07,0.0,False,0.005,hidden_well
H07,580.0,180.0,221.35714285714283,4799.36170212766,13.148936170212766,5.640881985629018e-07,0.0,False,0.005,hidden_well
H07,580.0,180.0,221.35714285714283,4908.085106382979,13.446808510638297,9.344426234886839e-07,0.0,False,0.005,hidden_well
H07,580.0,180.0,221.35714285714283,5016.808510638298,13.74468085106383,1.506952654466214e-06,0.0,False,0.005,hidden_well
H07,580.0,180.0,221.35714285714283,5125.531914893618,14.042553191489365,2.370574775763632e-06,0.0,False,0.005,hidden_well
H07,580.0,180.0,221.35714285714283,5234.255319148937,14.340425531914896,3.6441414565745357e-06,0.0,False,0.005,hidden_well
H07,580.0,180.0,221.35714285714283,5342.978723404256,14.638297872340427,5.483145733465258e-06,0.0,False,0.005,hidden_well
H07,580.0,180.0,221.35714285714283,5451.702127659575,14.93617021276596,8.087173060189427e-06,0.0,False,0.005,hidden_well
H07,580.0,180.0,221.35714285714283,5560.425531914894,15.234042553191491,1.1707846196913053e-05,0.0,False,0.005,hidden_well
H07,580.0,180.0,221.35714285714283,5669.148936170213,15.531914893617023,1.665711099788916e-05,0.0,False,0.005,hidden_well
H07,580.0,180.0,221.35714285714283,5777.8723404255325,15.829787234042554,2.3315658064509856e-05,0.0,False,0.005,hidden_well
H07,580.0,180.0,221.35714285714283,5886.595744680852,16.127659574468087,3.214124916111314e-05,0.0,False,0.005,hidden_well
H07,580.0,180.0,221.35714285714283,5995.319148936171,16.425531914893618,4.367669939707314e-05,0.0,False,0.005,hidden_well
H07,580.0,180.0,221.35714285714283,6104.04255319149,16.72340425531915,5.855725728348258e-05,0.0,False,0.005,hidden_well
H07,580.0,180.0,221.35714285714283,6212.765957446809,17.02127659574468,7.751712511520345e-05,0.0,False,0.005,hidden_well
H07,580.0,180.0,221.35714285714283,6321.489361702128,17.319148936170215,0.00010139487134548575,0.0,False,0.005,hidden_well
H07,580.0,180.0,221.35714285714283,6430.212765957447,17.617021276595747,0.0001311375037744533,0.0,False,0.005,hidden_well
H07,580.0,180.0,221.35714285714283,6538.936170212766,17.914893617021278,0.00016780299605107042,0.0,False,0.005,hidden_well
H07,580.0,180.0,221.35714285714283,6647.659574468085,18.21276595744681,0.0002125610884661352,0.0,False,0.005,hidden_well
H07,580.0,180.0,221.35714285714283,6756.382978723404,18.51063829787234,0.0002666922154784662,0.0,False,0.005,hidden_well
H07,580.0,180.0,221.35714285714283,6865.106382978724,18.80851063829787,0.00033158444521127236,0.0,False,0.005,hidden_well
H07,580.0,180.0,221.35714285714283,6973.829787234043,19.106382978723406,0.0004087283489998794,0.0,False,0.005,hidden_well
H07,580.0,180.0,221.35714285714283,7082.553191489362,19.404255319148938,0.0004997097512078467,0.0,False,0.005,hidden_well
H07,580.0,180.0,221.35714285714283,7191.276595744681,19.70212765957447,0.0006062003407668857,0.0,False,0.005,hidden_well
H07,580.0,180.0,221.35714285714283,7300.0,20.0,0.0007299461565520288,0.0,False,0.005,hidden_well
H08,650.0,300.0,221.3785714285714,2190.0,6.0,3.4174565055137983e-46,0.0,False,0.005,hidden_well
H08,650.0,300.0,221.3785714285714,2298.723404255319,6.297872340425532,1.0432517719804552e-42,0.0,False,0.005,hidden_well
H08,650.0,300.0,221.3785714285714,2407.446808510638,6.595744680851063,1.1087401935725424e-39,0.0,False,0.005,hidden_well
H08,650.0,300.0,221.3785714285714,2516.1702127659573,6.8936170212765955,4.976220877668666e-37,0.0,False,0.005,hidden_well
H08,650.0,300.0,221.3785714285714,2624.8936170212764,7.191489361702128,1.0944857163439425e-34,0.0,False,0.005,hidden_well
H08,650.0,300.0,221.3785714285714,2733.6170212765956,7.489361702127659,1.3253702479331082e-32,0.0,False,0.005,hidden_well
H08,650.0,300.0,221.3785714285714,2842.3404255319147,7.787234042553191,9.69247826230246e-31,0.0,False,0.005,hidden_well
H08,650.0,300.0,221.3785714285714,2951.063829787234,8.085106382978724,4.61090772369148e-29,0.0,False,0.005,hidden_well
H08,650.0,300.0,221.3785714285714,3059.7872340425533,8.382978723404255,1.5158031929712656e-27,0.0,False,0.005,hidden_well
H08,650.0,300.0,221.3785714285714,3168.5106382978724,8.680851063829788,3.6188347359279217e-26,0.0,False,0.005,hidden_well
H08,650.0,300.0,221.3785714285714,3277.2340425531916,8.97872340425532,6.538004261744058e-25,0.0,False,0.005,hidden_well
H08,650.0,300.0,221.3785714285714,3385.9574468085107,9.27659574468085,9.251790032418673e-24,0.0,False,0.005,hidden_well
H08,650.0,300.0,221.3785714285714,3494.68085106383,9.574468085106384,1.0556369232073477e-22,0.0,False,0.005,hidden_well
H08,650.0,300.0,221.3785714285714,3603.404255319149,9.872340425531915,9.954340066581945e-22,0.0,False,0.005,hidden_well
H08,650.0,300.0,221.3785714285714,3712.1276595744685,10.170212765957448,7.922549407127057e-21,0.0,False,0.005,hidden_well
H08,650.0,300.0,221.3785714285714,3820.8510638297876,10.46808510638298,5.419206905654432e-20,0.0,False,0.005,hidden_well
H08,650.0,300.0,221.3785714285714,3929.5744680851067,10.765957446808512,3.2361136868362857e-19,0.0,False,0.005,hidden_well
H08,650.0,300.0,221.3785714285714,4038.297872340426,11.063829787234043,1.7101607162126033e-18,0.0,False,0.005,hidden_well
H08,650.0,300.0,221.3785714285714,4147.021276595745,11.361702127659575,8.093420041612787e-18,0.0,False,0.005,hidden_well
H08,650.0,300.0,221.3785714285714,4255.744680851064,11.659574468085108,3.466005392299594e-17,0.0,False,0.005,hidden_well
H08,650.0,300.0,221.3785714285714,4364.468085106383,11.957446808510639,1.3555177692744846e-16,0.0,False,0.005,hidden_well
H08,650.0,300.0,221.3785714285714,4473.191489361702,12.25531914893617,4.880578193773517e-16,0.0,False,0.005,hidden_well
H08,650.0,300.0,221.3785714285714,4581.914893617021,12.553191489361703,1.6294379514026178e-15,0.0,False,0.005,hidden_well
H08,650.0,300.0,221.3785714285714,4690.63829787234,12.851063829787234,5.076551715663161e-15,0.0,False,0.005,hidden_well
H08,650.0,300.0,221.3785714285714,4799.36170212766,13.148936170212766,1.4843203233518416e-14,0.0,False,0.005,hidden_well
H08,650.0,300.0,221.3785714285714,4908.085106382979,13.446808510638297,4.09370091562345e-14,0.0,False,0.005,hidden_well
H08,650.0,300.0,221.3785714285714,5016.808510638298,13.74468085106383,1.0698126197439181e-13,0.0,False,0.005,hidden_well
H08,650.0,300.0,221.3785714285714,5125.531914893618,14.042553191489365,2.659965398338821e-13,0.0,False,0.005,hidden_well
H08,650.0,300.0,221.3785714285714,5234.255319148937,14.340425531914896,6.315662247773916e-13,0.0,False,0.005,hidden_well
H08,650.0,300.0,221.3785714285714,5342.978723404256,14.638297872340427,1.4367454867974867e-12,0.0,False,0.005,hidden_well
H08,650.0,300.0,221.3785714285714,5451.702127659575,14.93617021276596,3.140984174247596e-12,0.0,False,0.005,hidden_well
H08,650.0,300.0,221.3785714285714,5560.425531914894,15.234042553191491,6.617024431633924e-12,0.0,False,0.005,hidden_well
H08,650.0,300.0,221.3785714285714,5669.148936170213,15.531914893617023,1.3466344494250816e-11,0.0,False,0.005,hidden_well
H08,650.0,300.0,221.3785714285714,5777.8723404255325,15.829787234042554,2.6534457462866446e-11,0.0,False,0.005,hidden_well
H08,650.0,300.0,221.3785714285714,5886.595744680852,16.127659574468087,5.072740519564969e-11,0.0,False,0.005,hidden_well
H08,650.0,300.0,221.3785714285714,5995.319148936171,16.425531914893618,9.426910607687761e-11,0.0,False,0.005,hidden_well
H08,650.0,300.0,221.3785714285714,6104.04255319149,16.72340425531915,1.7058648538648456e-10,0.0,False,0.005,hidden_well
H08,650.0,300.0,221.3785714285714,6212.765957446809,17.02127659574468,3.0106571082149617e-10,0.0,False,0.005,hidden_well
H08,650.0,300.0,221.3785714285714,6321.489361702128,17.319148936170215,5.189879018302969e-10,0.0,False,0.005,hidden_well
H08,650.0,300.0,221.3785714285714,6430.212765957447,17.617021276595747,8.750251391566952e-10,0.0,False,0.005,hidden_well
H08,650.0,300.0,221.3785714285714,6538.936170212766,17.914893617021278,1.444755380164891e-09,0.0,False,0.005,hidden_well
H08,650.0,300.0,221.3785714285714,6647.659574468085,18.21276595744681,2.3387350243956753e-09,0.0,False,0.005,hidden_well
H08,650.0,300.0,221.3785714285714,6756.382978723404,18.51063829787234,3.715746584705809e-09,0.0,False,0.005,hidden_well
H08,650.0,300.0,221.3785714285714,6865.106382978724,18.80851063829787,5.799911705076106e-09,0.0,False,0.005,hidden_well
H08,650.0,300.0,221.3785714285714,6973.829787234043,19.106382978723406,8.902421604132334e-09,0.0,False,0.005,hidden_well
H08,650.0,300.0,221.3785714285714,7082.553191489362,19.404255319148938,1.3448682607853706e-08,0.0,False,0.005,hidden_well
H08,650.0,300.0,221.3785714285714,7191.276595744681,19.70212765957447,2.0011698462438263e-08,0.0,False,0.005,hidden_well
H08,650.0,300.0,221.3785714285714,7300.0,20.0,2.935250859731556e-08,0.0,False,0.005,hidden_well
H09,700.0,220.0,221.3904761904762,2190.0,6.0,3.466500197830895e-38,0.0,False,0.005,hidden_well
H09,700.0,220.0,221.3904761904762,2298.723404255319,6.297872340425532,3.775283708539727e-35,0.0,False,0.005,hidden_well
H09,700.0,220.0,221.3904761904762,2407.446808510638,6.595744680851063,1.6387546387448266e-32,0.0,False,0.005,hidden_well
H09,700.0,220.0,221.3904761904762,2516.1702127659573,6.8936170212765955,3.354595497227475e-30,0.0,False,0.005,hidden_well
H09,700.0,220.0,221.3904761904762,2624.8936170212764,7.191489361702128,3.6864888732671073e-28,0.0,False,0.005,hidden_well
H09,700.0,220.0,221.3904761904762,2733.6170212765956,7.489361702127659,2.407117246123733e-26,0.0,False,0.005,hidden_well
H09,700.0,220.0,221.3904761904762,2842.3404255319147,7.787234042553191,1.0122412305613454e-24,0.0,False,0.005,hidden_well
H09,700.0,220.0,221.3904761904762,2951.063829787234,8.085106382978724,2.924906988915433e-23,0.0,False,0.005,hidden_well
H09,700.0,220.0,221.3904761904762,3059.7872340425533,8.382978723404255,6.12165119500491e-22,0.0,False,0.005,hidden_well
H09,700.0,220.0,221.3904761904762,3168.5106382978724,8.680851063829788,9.690860568921779e-21,0.0,False,0.005,hidden_well
H09,700.0,220.0,221.3904761904762,3277.2340425531916,8.97872340425532,1.2028090724410522e-19,0.0,False,0.005,hidden_well
H09,700.0,220.0,221.3904761904762,3385.9574468085107,9.27659574468085,1.206223889713902e-18,0.0,False,0.005,hidden_well
H09,700.0,220.0,221.3904761904762,3494.68085106383,9.574468085106384,1.002461060942129e-17,0.0,False,0.005,hidden_well
H09,700.0,220.0,221.3904761904762,3603.404255319149,9.872340425531915,7.054547895216174e-17,0.0,False,0.005,hidden_well
H09,700.0,220.0,221.3904761904762,3712.1276595744685,10.170212765957448,4.281837399450331e-16,0.0,False,0.005,hidden_well
H09,700.0,220.0,221.3904761904762,3820.8510638297876,10.46808510638298,2.2773401010439292e-15,0.0,False,0.005,hidden_well
H09,700.0,220.0,221.3904761904762,3929.5744680851067,10.765957446808512,1.0759890532897526e-14,0.0,False,0.005,hidden_well
H09,700.0,220.0,221.3904761904762,4038.297872340426,11.063829787234043,4.570189925684121e-14,0.0,False,0.005,hidden_well
H09,700.0,220.0,221.3904761904762,4147.021276595745,11.361702127659575,1.7632422220869868e-13,0.0,False,0.005,hidden_well
H09,700.0,220.0,221.3904761904762,4255.744680851064,11.659574468085108,6.235716986239108e-13,0.0,False,0.005,hidden_well
H09,700.0,220.0,221.3904761904762,4364.468085106383,11.957446808510639,2.0376314189110432e-12,0.0,False,0.005,hidden_well
H09,700.0,220.0,221.3904761904762,4473.191489361702,12.25531914893617,6.195679881361935e-12,0.0,False,0.005,hidden_well
H09,700.0,220.0,221.3904761904762,4581.914893617021,12.553191489361703,1.7639412786584824e-11,0.0,False,0.005,hidden_well
H09,700.0,220.0,221.3904761904762,4690.63829787234,12.851063829787234,4.72841215454387e-11,0.0,False,0.005,hidden_well
H09,700.0,220.0,221.3904761904762,4799.36170212766,13.148936170212766,1.199289435345133e-10,0.0,False,0.005,hidden_well
H09,700.0,220.0,221.3904761904762,4908.085106382979,13.446808510638297,2.8908348100924063e-10,0.0,False,0.005,hidden_well
H09,700.0,220.0,221.3904761904762,5016.808510638298,13.74468085106383,6.648554508411786e-10,0.0,False,0.005,hidden_well
H09,700.0,220.0,221.3904761904762,5125.531914893618,14.042553191489365,1.4641178023514e-09,0.0,False,0.005,hidden_well
H09,700.0,220.0,221.3904761904762,5234.255319148937,14.340425531914896,3.097114319735763e-09,0.0,False,0.005,hidden_well
H09,700.0,220.0,221.3904761904762,5342.978723404256,14.638297872340427,6.311379937867229e-09,0.0,False,0.005,hidden_well
H09,700.0,220.0,221.3904761904762,5451.702127659575,14.93617021276596,1.2422597489805977e-08,0.0,False,0.005,hidden_well
H09,700.0,220.0,221.3904761904762,5560.425531914894,15.234042553191491,2.3672927778879955e-08,0.0,False,0.005,hidden_well
H09,700.0,220.0,221.3904761904762,5669.148936170213,15.531914893617023,4.3770413476231056e-08,0.0,False,0.005,hidden_well
H09,700.0,220.0,221.3904761904762,5777.8723404255325,15.829787234042554,7.867803993324732e-08,0.0,False,0.005,hidden_well
H09,700.0,220.0,221.3904761904762,5886.595744680852,16.127659574468087,1.3773746848876487e-07,0.0,False,0.005,hidden_well
H09,700.0,220.0,221.3904761904762,5995.319148936171,16.425531914893618,2.3522962031601811e-07,0.0,False,0.005,hidden_well
H09,700.0,220.0,221.3904761904762,6104.04255319149,16.72340425531915,3.924912234541136e-07,0.0,False,0.005,hidden_well
H09,700.0,220.0,221.3904761904762,6212.765957446809,17.02127659574468,6.407219849480058e-07,0.0,False,0.005,hidden_well
H09,700.0,220.0,221.3904761904762,6321.489361702128,17.319148936170215,1.0246299188041763e-06,0.0,False,0.005,hidden_well
H09,700.0,220.0,221.3904761904762,6430.212765957447,17.617021276595747,1.6070711968453185e-06,0.0,False,0.005,hidden_well
H09,700.0,220.0,221.3904761904762,6538.936170212766,17.914893617021278,2.474844378264132e-06,0.0,False,0.005,hidden_well
H09,700.0,220.0,221.3904761904762,6647.659574468085,18.21276595744681,3.745795833908965e-06,0.0,False,0.005,hidden_well
H09,700.0,220.0,221.3904761904762,6756.382978723404,18.51063829787234,5.577382660341377e-06,0.0,False,0.005,hidden_well
H09,700.0,220.0,221.3904761904762,6865.106382978724,18.80851063829787,8.176820733287733e-06,0.0,False,0.005,hidden_well
H09,700.0,220.0,221.3904761904762,6973.829787234043,19.106382978723406,1.1812918508914299e-05,0.0,False,0.005,hidden_well
H09,700.0,220.0,221.3904761904762,7082.553191489362,19.404255319148938,1.6829661882747972e-05,0.0,False,0.005,hidden_well
H09,700.0,220.0,221.3904761904762,7191.276595744681,19.70212765957447,2.3661572418239913e-05,0.0,False,0.005,hidden_well
H09,700.0,220.0,221.3904761904762,7300.0,20.0,3.285081151934741e-05,0.0,False,0.005,hidden_well
H10,840.0,245.0,221.4190476190476,2190.0,6.0,3.9318129160016316e-71,0.0,False,0.005,hidden_well
H10,840.0,245.0,221.4190476190476,2298.723404255319,6.297872340425532,1.2896364599977526e-65,0.0,False,0.005,hidden_well
H10,840.0,245.0,221.4190476190476,2407.446808510638,6.595744680851063,8.042974108878952e-61,0.0,False,0.005,hidden_well
H10,840.0,245.0,221.4190476190476,2516.1702127659573,6.8936170212765955,1.2917589054009145e-56,0.0,False,0.005,hidden_well
H10,840.0,245.0,221.4190476190476,2624.8936170212764,7.191489361702128,6.749319809140527e-53,0.0,False,0.005,hidden_well
H10,840.0,245.0,221.4190476190476,2733.6170212765956,7.489361702127659,1.3775754325918987e-49,0.0,False,0.005,hidden_well
H10,840.0,245.0,221.4190476190476,2842.3404255319147,7.787234042553191,1.2701276789927527e-46,0.0,False,0.005,hidden_well
H10,840.0,245.0,221.4190476190476,2951.063829787234,8.085106382978724,5.945633077434943e-44,0.0,False,0.005,hidden_well
H10,840.0,245.0,221.4190476190476,3059.7872340425533,8.382978723404255,1.5539458196374645e-41,0.0,False,0.005,hidden_well
H10,840.0,245.0,221.4190476190476,3168.5106382978724,8.680851063829788,2.4517003902011316e-39,0.0,False,0.005,hidden_well
H10,840.0,245.0,221.4190476190476,3277.2340425531916,8.97872340425532,2.4912022154994924e-37,0.0,False,0.005,hidden_well
H10,840.0,245.0,221.4190476190476,3385.9574468085107,9.27659574468085,1.7209641013829987e-35,0.0,False,0.005,hidden_well
H10,840.0,245.0,221.4190476190476,3494.68085106383,9.574468085106384,8.459946451571478e-34,0.0,False,0.005,hidden_well
H10,840.0,245.0,221.4190476190476,3603.404255319149,9.872340425531915,3.0761594436890355e-32,0.0,False,0.005,hidden_well
H10,840.0,245.0,221.4190476190476,3712.1276595744685,10.170212765957448,8.551766547385309e-31,0.0,False,0.005,hidden_well
H10,840.0,245.0,221.4190476190476,3820.8510638297876,10.46808510638298,1.8700303760764979e-29,0.0,False,0.005,hidden_well
H10,840.0,245.0,221.4190476190476,3929.5744680851067,10.765957446808512,3.296484160732543e-28,0.0,False,0.005,hidden_well
H10,840.0,245.0,221.4190476190476,4038.297872340426,11.063829787234043,4.7854880916862644e-27,0.0,False,0.005,hidden_well
H10,840.0,245.0,221.4190476190476,4147.021276595745,11.361702127659575,5.828554792966728e-26,0.0,False,0.005,hidden_well
H10,840.0,245.0,221.4190476190476,4255.744680851064,11.659574468085108,6.054055208949877e-25,0.0,False,0.005,hidden_well
H10,840.0,245.0,221.4190476190476,4364.468085106383,11.957446808510639,5.440367094941568e-24,0.0,False,0.005,hidden_well
H10,840.0,245.0,221.4190476190476,4473.191489361702,12.25531914893617,4.2837957975627396e-23,0.0,False,0.005,hidden_well
H10,840.0,245.0,221.4190476190476,4581.914893617021,12.553191489361703,2.989160311495856e-22,0.0,False,0.005,hidden_well
H10,840.0,245.0,221.4190476190476,4690.63829787234,12.851063829787234,1.8670433169218886e-21,0.0,False,0.005,hidden_well
H10,840.0,245.0,221.4190476190476,4799.36170212766,13.148936170212766,1.0532804503038056e-20,0.0,False,0.005,hidden_well
H10,840.0,245.0,221.4190476190476,4908.085106382979,13.446808510638297,5.4101914127352556e-20,0.0,False,0.005,hidden_well
H10,840.0,245.0,221.4190476190476,5016.808510638298,13.74468085106383,2.548592516556989e-19,0.0,False,0.005,hidden_well
H10,840.0,245.0,221.4190476190476,5125.531914893618,14.042553191489365,1.1082467561257702e-18,0.0,False,0.005,hidden_well
H10,840.0,245.0,221.4190476190476,5234.255319148937,14.340425531914896,4.47482392580065e-18,0.0,False,0.005,hidden_well
H10,840.0,245.0,221.4190476190476,5342.978723404256,14.638297872340427,1.6866767351040283e-17,0.0,False,0.005,hidden_well
H10,840.0,245.0,221.4190476190476,5451.702127659575,14.93617021276596,5.963518987725917e-17,0.0,False,0.005,hidden_well
H10,840.0,245.0,221.4190476190476,5560.425531914894,15.234042553191491,1.9865338159842173e-16,0.0,False,0.005,hidden_well
H10,840.0,245.0,221.4190476190476,5669.148936170213,15.531914893617023,6.259646692990296e-16,0.0,False,0.005,hidden_well
H10,840.0,245.0,221.4190476190476,5777.8723404255325,15.829787234042554,1.872623275751517e-15,0.0,False,0.005,hidden_well
H10,840.0,245.0,221.4190476190476,5886.595744680852,16.127659574468087,5.336398590072168e-15,0.0,False,0.005,hidden_well
H10,840.0,245.0,221.4190476190476,5995.319148936171,16.425531914893618,1.453021884303786e-14,0.0,False,0.005,hidden_well
H10,840.0,245.0,221.4190476190476,6104.04255319149,16.72340425531915,3.7908931475535283e-14,0.0,False,0.005,hidden_well
H10,840.0,245.0,221.4190476190476,6212.765957446809,17.02127659574468,9.501177049428231e-14,0.0,False,0.005,hidden_well
H10,840.0,245.0,221.4190476190476,6321.489361702128,17.319148936170215,2.2930416344983596e-13,0.0,False,0.005,hidden_well
H10,840.0,245.0,221.4190476190476,6430.212765957447,17.617021276595747,5.340686274736276e-13,0.0,False,0.005,hidden_well
H10,840.0,245.0,221.4190476190476,6538.936170212766,17.914893617021278,1.202851703706305e-12,0.0,False,0.005,hidden_well
H10,840.0,245.0,221.4190476190476,6647.659574468085,18.21276595744681,2.6246441337994144e-12,0.0,False,0.005,hidden_well
H10,840.0,245.0,221.4190476190476,6756.382978723404,18.51063829787234,5.5580913322982975e-12,0.0,False,0.005,hidden_well
H10,840.0,245.0,221.4190476190476,6865.106382978724,18.80851063829787,1.1441342769589312e-11,0.0,False,0.005,hidden_well
H10,840.0,245.0,221.4190476190476,6973.829787234043,19.106382978723406,2.29284091431932e-11,0.0,False,0.005,hidden_well
H10,840.0,245.0,221.4190476190476,7082.553191489362,19.404255319148938,4.4794089603662455e-11,0.0,False,0.005,hidden_well
H10,840.0,245.0,221.4190476190476,7191.276595744681,19.70212765957447,8.542406403114849e-11,0.0,False,0.005,hidden_well
H10,840.0,245.0,221.4190476190476,7300.0,20.0,1.5921259432775956e-10,0.0,False,0.005,hidden_well
W01,300.0,230.0,221.15238095238095,3102.5,8.5,1.2921072538948846,1.3129703161746804,True,0.005,future_public
W01,300.0,230.0,221.15238095238095,3204.878048780488,8.78048780487805,1.3450333066120226,1.3987147017405395,True,0.005,future_public
W01,300.0,230.0,221.15238095238095,3307.256097560976,9.060975609756099,1.366951126558826,1.401173037930638,True,0.005,future_public
W01,300.0,230.0,221.15238095238095,3409.6341463414633,9.341463414634147,1.394543804506982,1.34719112560584,True,0.005,future_public
W01,300.0,230.0,221.15238095238095,3512.012195121951,9.621951219512194,1.443568551200161,1.417787151754796,True,0.005,future_public
W01,300.0,230.0,221.15238095238095,3614.390243902439,9.902439024390244,1.4624502349161028,1.4664436847018005,True,0.005,future_public
W01,300.0,230.0,221.15238095238095,3716.7682926829266,10.182926829268292,1.4565392451173027,1.4782730288397246,True,0.005,future_public
W01,300.0,230.0,221.15238095238095,3819.1463414634145,10.463414634146341,1.4348071046470177,1.467819063938148,True,0.005,future_public
W01,300.0,230.0,221.15238095238095,3921.5243902439024,10.74390243902439,1.403084003399059,1.3979230384395067,True,0.005,future_public
W01,300.0,230.0,221.15238095238095,4023.9024390243903,11.02439024390244,1.364763850978117,1.4134610895399222,True,0.005,future_public
W01,300.0,230.0,221.15238095238095,4126.280487804878,11.304878048780488,1.3218191191730586,1.3529118365465067,True,0.005,future_public
W01,300.0,230.0,221.15238095238095,4228.658536585366,11.585365853658537,1.2754723024631625,1.2601097930774519,True,0.005,future_public
W01,300.0,230.0,221.15238095238095,4331.036585365853,11.865853658536585,1.2265772127585108,1.2175051838370403,True,0.005,future_public
W01,300.0,230.0,221.15238095238095,4433.414634146342,12.146341463414636,1.1758145847716037,1.1573338483566518,True,0.005,future_public
W01,300.0,230.0,221.15238095238095,4535.792682926829,12.426829268292682,1.123780934127663,1.1615619371428465,True,0.005,future_public
W01,300.0,230.0,221.15238095238095,4638.170731707317,12.707317073170731,1.0710215545690738,1.083254240777703,True,0.005,future_public
W01,300.0,230.0,221.15238095238095,4740.548780487805,12.987804878048781,1.018037553540372,1.0304435017512523,True,0.005,future_public
W01,300.0,230.0,221.15238095238095,4842.926829268293,13.268292682926829,0.9652830726877819,0.9293028935758649,True,0.005,future_public
W01,300.0,230.0,221.15238095238095,4945.304878048781,13.548780487804878,0.9131606002428616,0.949664464284793,True,0.005,future_public
W01,300.0,230.0,221.15238095238095,5047.682926829268,13.829268292682926,0.8620177060223883,0.8750390916435188,True,0.005,future_public
W01,300.0,230.0,221.15238095238095,5150.0609756097565,14.109756097560977,0.8121461803969757,0.8254852416430652,True,0.005,future_public
W01,300.0,230.0,221.15238095238095,5252.4390243902435,14.390243902439023,0.7637834732226235,0.7711135096240865,True,0.005,future_public
W01,300.0,230.0,221.15238095238095,5354.817073170731,14.670731707317072,0.7171159161407182,0.7000291612252892,True,0.005,future_public
W01,300.0,230.0,221.15238095238095,5457.195121951219,14.951219512195122,0.6722831307230539,0.7009973291601196,True,0.005,future_public
W01,300.0,230.0,221.15238095238095,5559.573170731707,15.231707317073171,0.6293830892376621,0.6499290715645496,True,0.005,future_public
W01,300.0,230.0,221.15238095238095,5661.951219512195,15.512195121951219,0.5884774082295172,0.6093069796122018,True,0.005,future_public
W01,300.0,230.0,221.15238095238095,5764.329268292683,15.792682926829269,0.5495965718739003,0.57002279759085,True,0.005,future_public
W01,300.0,230.0,221.15238095238095,5866.707317073171,16.073170731707318,0.5127448831693425,0.4837171390989612,True,0.005,future_public
W01,300.0,230.0,221.15238095238095,5969.085365853658,16.353658536585364,0.4779050209426221,0.47410398534163195,True,0.005,future_public
W01,300.0,230.0,221.15238095238095,6071.463414634147,16.634146341463417,0.44504213999672027,0.44491266653874906,True,0.005,future_public
W01,300.0,230.0,221.15238095238095,6173.841463414634,16.914634146341463,0.4141074936312031,0.4152848511582048,True,0.005,future_public
W01,300.0,230.0,221.15238095238095,6276.219512195122,17.195121951219512,0.38504158586862824,0.38997282810260747,True,0.005,future_public
W01,300.0,230.0,221.15238095238095,6378.59756097561,17.475609756097562,0.35777687844504363,0.34987694189549584,True,0.005,future_public
W01,300.0,230.0,221.15238095238095,6480.975609756098,17.75609756097561,0.3322400878281638,0.3417082975605822,True,0.005,future_public
W01,300.0,230.0,221.15238095238095,6583.3536585365855,18.036585365853657,0.30835411246854827,0.3147188915202728,True,0.005,future_public
W01,300.0,230.0,221.15238095238095,6685.7317073170725,18.317073170731707,0.286039631874307,0.29012937188364174,True,0.005,future_public
W01,300.0,230.0,221.15238095238095,6788.109756097561,18.597560975609756,0.2652164181816929,0.2638530142469718,True,0.005,future_public
W01,300.0,230.0,221.15238095238095,6890.487804878048,18.878048780487802,0.24580439856945682,0.25504492723532446,True,0.005,future_public
W01,300.0,230.0,221.15238095238095,6992.865853658536,19.15853658536585,0.22772450376020292,0.2218313581460201,True,0.005,future_public
W01,300.0,230.0,221.15238095238095,7095.243902439024,19.4390243902439,0.21089933439340036,0.20607438210781034,True,0.005,future_public
W01,300.0,230.0,221.15238095238095,7197.621951219512,19.71951219512195,0.19525367352342363,0.1916811907706348,True,0.005,future_public
W01,300.0,230.0,221.15238095238095,7300.0,20.0,0.18071487007011278,0.1608029130700754,True,0.005,future_public
W02,380.0,230.0,221.24761904761903,3102.5,8.5,0.18019930796284064,0.17745477780391425,True,0.005,future_public
W02,380.0,230.0,221.24761904761903,3204.878048780488,8.78048780487805,0.2068997876397089,0.2091547682823655,True,0.005,future_public
W02,380.0,230.0,221.24761904761903,3307.256097560976,9.060975609756099,0.23511046316079856,0.2289913872955509,True,0.005,future_public
W02,380.0,230.0,221.24761904761903,3409.6341463414633,9.341463414634147,0.2646883434054325,0.26121692124564855,True,0.005,future_public
W02,380.0,230.0,221.24761904761903,3512.012195121951,9.621951219512194,0.2954801468963772,0.3054491848550031,True,0.005,future_public
W02,380.0,230.0,221.24761904761903,3614.390243902439,9.902439024390244,0.32732536413751173,0.3241216446358144,True,0.005,future_public
W02,380.0,230.0,221.24761904761903,3716.7682926829266,10.182926829268292,0.36006683429920416,0.33242091509249416,True,0.005,future_public
W02,380.0,230.0,221.24761904761903,3819.1463414634145,10.463414634146341,0.3935458225138183,0.41229556545352725,True,0.005,future_public
W02,380.0,230.0,221.24761904761903,3921.5243902439024,10.74390243902439,0.42760215301534593,0.43767258116840446,True,0.005,future_public
W02,380.0,230.0,221.24761904761903,4023.9024390243903,11.02439024390244,0.4620844634040255,0.4719049119222755,True,0.005,future_public
W02,380.0,230.0,221.24761904761903,4126.280487804878,11.304878048780488,0.4968400905696826,0.4959206119758924,True,0.005,future_public
W02,380.0,230.0,221.24761904761903,4228.658536585366,11.585365853658537,0.5316862602524782,0.5040609007114377,True,0.005,future_public
W02,380.0,230.0,221.24761904761903,4331.036585365853,11.865853658536585,0.5663878224434292,0.5702126501210808,True,0.005,future_public
W02,380.0,230.0,221.24761904761903,4433.414634146342,12.146341463414636,0.600654260851623,0.6122554979978059,True,0.005,future_public
W02,380.0,230.0,221.24761904761903,4535.792682926829,12.426829268292682,0.6341530054691468,0.6695018553010877,True,0.005,future_public
W02,380.0,230.0,221.24761904761903,4638.170731707317,12.707317073170731,0.6665306710518359,0.6963603779069958,True,0.005,future_public
W02,380.0,230.0,221.24761904761903,4740.548780487805,12.987804878048781,0.6974350791258372,0.7042094868931752,True,0.005,future_public
W02,380.0,230.0,221.24761904761903,4842.926829268293,13.268292682926829,0.7265339264478254,0.7363972185081029,True,0.005,future_public
W02,380.0,230.0,221.24761904761903,4945.304878048781,13.548780487804878,0.7535285074381334,0.7310578133832282,True,0.005,future_public
W02,380.0,230.0,221.24761904761903,5047.682926829268,13.829268292682926,0.7781624797633988,0.7801791788905981,True,0.005,future_public
W02,380.0,230.0,221.24761904761903,5150.0609756097565,14.109756097560977,0.8002264306915512,0.7832223242365137,True,0.005,future_public
W02,380.0,230.0,221.24761904761903,5252.4390243902435,14.390243902439023,0.8195592403248156,0.8165137653214936,True,0.005,future_public
W02,380.0,230.0,221.24761904761903,5354.817073170731,14.670731707317072,0.8360471881684185,0.8392199616950906,True,0.005,future_public
W02,380.0,230.0,221.24761904761903,5457.195121951219,14.951219512195122,0.8496215766559924,0.8299388262214079,True,0.005,future_public
W02,380.0,230.0,221.24761904761903,5559.573170731707,15.231707317073171,0.8602554464429553,0.845889822802778,True,0.005,future_public
W02,380.0,230.0,221.24761904761903,5661.951219512195,15.512195121951219,0.8679597820534422,0.8817536184093929,True,0.005,future_public
W02,380.0,230.0,221.24761904761903,5764.329268292683,15.792682926829269,0.8727794705922769,0.847519370680011,True,0.005,future_public
W02,380.0,230.0,221.24761904761903,5866.707317073171,16.073170731707318,0.8747891813765145,0.9017392209549009,True,0.005,future_public
W02,380.0,230.0,221.24761904761903,5969.085365853658,16.353658536585364,0.8740892733473398,0.8616185359075095,True,0.005,future_public
W02,380.0,230.0,221.24761904761903,6071.463414634147,16.634146341463417,0.8708018006273699,0.8788638650676238,True,0.005,future_public
W02,380.0,230.0,221.24761904761903,6173.841463414634,16.914634146341463,0.8650666659467945,0.8796935632505453,True,0.005,future_public
W02,380.0,230.0,221.24761904761903,6276.219512195122,17.195121951219512,0.8570379601428075,0.8787523146242645,True,0.005,future_public
W02,380.0,230.0,221.24761904761903,6378.59756097561,17.475609756097562,0.846880518913938,0.8365862939491259,True,0.005,future_public
W02,380.0,230.0,221.24761904761903,6480.975609756098,17.75609756097561,0.8347667226703108,0.8401066950224018,True,0.005,future_public
W02,380.0,230.0,221.24761904761903,6583.3536585365855,18.036585365853657,0.8208735602026596,0.7741481189367198,True,0.005,future_public
W02,380.0,230.0,221.24761904761903,6685.7317073170725,18.317073170731707,0.8053799714384405,0.8393643188910377,True,0.005,future_public
W02,380.0,230.0,221.24761904761903,6788.109756097561,18.597560975609756,0.7884644787331349,0.8060090502462242,True,0.005,future_public
W02,380.0,230.0,221.24761904761903,6890.487804878048,18.878048780487802,0.7703031101899447,0.7825647295510434,True,0.005,future_public
W02,380.0,230.0,221.24761904761903,6992.865853658536,19.15853658536585,0.7510676127251055,0.7358742568875916,True,0.005,future_public
W02,380.0,230.0,221.24761904761903,7095.243902439024,19.4390243902439,0.7309239472940022,0.7210401892267009,True,0.005,future_public
W02,380.0,230.0,221.24761904761903,7197.621951219512,19.71951219512195,0.7100310540896075,0.7103963825019183,True,0.005,future_public
W02,380.0,230.0,221.24761904761903,7300.0,20.0,0.6885398717591095,0.6897396480060981,True,0.005,future_public
W03,460.0,240.0,221.29999999999998,3102.5,8.5,0.0010335210425320564,0.0,False,0.005,future_public
W03,460.0,240.0,221.29999999999998,3204.878048780488,8.78048780487805,0.0015499035991573388,0.0,False,0.005,future_public
W03,460.0,240.0,221.29999999999998,3307.256097560976,9.060975609756099,0.002250899923179863,0.0,False,0.005,future_public
W03,460.0,240.0,221.29999999999998,3409.6341463414633,9.341463414634147,0.0031771796860854662,0.0,False,0.005,future_public
W03,460.0,240.0,221.29999999999998,3512.012195121951,9.621951219512194,0.004372158139665778,0.0077048745431574014,True,0.005,future_public
W03,460.0,240.0,221.29999999999998,3614.390243902439,9.902439024390244,0.005881145378099238,0.0,False,0.005,future_public
W03,460.0,240.0,221.29999999999998,3716.7682926829266,10.182926829268292,0.007750433034484915,0.006738606172802786,True,0.005,future_public
W03,460.0,240.0,221.29999999999998,3819.1463414634145,10.463414634146341,0.010026357529639703,0.011148596138514587,True,0.005,future_public
W03,460.0,240.0,221.29999999999998,3921.5243902439024,10.74390243902439,0.012754374486249505,0.014241463987874141,True,0.005,future_public
W03,460.0,240.0,221.29999999999998,4023.9024390243903,11.02439024390244,0.015978174137711933,0.01946276107965407,True,0.005,future_public
W03,460.0,240.0,221.29999999999998,4126.280487804878,11.304878048780488,0.01973886178201273,0.01775085442643056,True,0.005,future_public
W03,460.0,240.0,221.29999999999998,4228.658536585366,11.585365853658537,0.02407422145064692,0.02397042827336311,True,0.005,future_public
W03,460.0,240.0,221.29999999999998,4331.036585365853,11.865853658536585,0.029018076169147814,0.025178241900701073,True,0.005,future_public
W03,460.0,240.0,221.29999999999998,4433.414634146342,12.146341463414636,0.034599753383226045,0.03462278769883708,True,0.005,future_public
W03,460.0,240.0,221.29999999999998,4535.792682926829,12.426829268292682,0.04084365942018036,0.04377711997125893,True,0.005,future_public
W03,460.0,240.0,221.29999999999998,4638.170731707317,12.707317073170731,0.047768962364887625,0.04688321623866265,True,0.005,future_public
W03,460.0,240.0,221.29999999999998,4740.548780487805,12.987804878048781,0.05538937404644082,0.058196371865051354,True,0.005,future_public
W03,460.0,240.0,221.29999999999998,4842.926829268293,13.268292682926829,0.0637130053894807,0.06888941687651029,True,0.005,future_public
W03,460.0,240.0,221.29999999999998,4945.304878048781,13.548780487804878,0.07274225082342044,0.07644259423941188,True,0.005,future_public
W03,460.0,240.0,221.29999999999998,5047.682926829268,13.829268292682926,0.08247364894107745,0.07825929254052014,True,0.005,future_public
W03,460.0,240.0,221.29999999999998,5150.0609756097565,14.109756097560977,0.09289767650525191,0.08966080311332383,True,0.005,future_public
W03,460.0,240.0,221.29999999999998,5252.4390243902435,14.390243902439023,0.1039984595449004,0.10020072878604808,True,0.005,future_public
W03,460.0,240.0,221.29999999999998,5354.817073170731,14.670731707317072,0.11575341906725922,0.11597941276113209,True,0.005,future_public
W03,460.0,240.0,221.29999999999998,5457.195121951219,14.951219512195122,0.12813289853947277,0.12606683679149577,True,0.005,future_public
W03,460.0,240.0,221.29999999999998,5559.573170731707,15.231707317073171,0.14109983788138353,0.14930923266562462,True,0.005,future_public
W03,460.0,240.0,221.29999999999998,5661.951219512195,15.512195121951219,0.1546095616664486,0.15463774567720814,True,0.005,future_public
W03,460.0,240.0,221.29999999999998,5764.329268292683,15.792682926829269,0.1686097394277349,0.17724410395022802,True,0.005,future_public
W03,460.0,240.0,221.29999999999998,5866.707317073171,16.073170731707318,0.18304055776481962,0.19922247381129735,True,0.005,future_public
W03,460.0,240.0,221.29999999999998,5969.085365853658,16.353658536585364,0.19783512223404792,0.19814128423874847,True,0.005,future_public
W03,460.0,240.0,221.29999999999998,6071.463414634147,16.634146341463417,0.21292008590139147,0.21159349263355104,True,0.005,future_public
W03,460.0,240.0,221.29999999999998,6173.841463414634,16.914634146341463,0.2282164837194983,0.22497681968727687,True,0.005,future_public
W03,460.0,240.0,221.29999999999998,6276.219512195122,17.195121951219512,0.2436407389489318,0.2436007422222431,True,0.005,future_public
W03,460.0,240.0,221.29999999999998,6378.59756097561,17.475609756097562,0.25910579994942756,0.2653004521838196,True,0.005,future_public
W03,460.0,240.0,221.29999999999998,6480.975609756098,17.75609756097561,0.27452236234398647,0.26512021123873475,True,0.005,future_public
W03,460.0,240.0,221.29999999999998,6583.3536585365855,18.036585365853657,0.2898001319341917,0.302903902173378,True,0.005,future_public
W03,460.0,240.0,221.29999999999998,6685.7317073170725,18.317073170731707,0.30484908682196343,0.2948220031461959,True,0.005,future_public
W03,460.0,240.0,221.29999999999998,6788.109756097561,18.597560975609756,0.3195807020266837,0.29992834939892143,True,0.005,future_public
W03,460.0,240.0,221.29999999999998,6890.487804878048,18.878048780487802,0.33390910568073157,0.3235589597080025,True,0.005,future_public
W03,460.0,240.0,221.29999999999998,6992.865853658536,19.15853658536585,0.347752142026345,0.35748441812696696,True,0.005,future_public
W03,460.0,240.0,221.29999999999998,7095.243902439024,19.4390243902439,0.3610323224845598,0.36907084644277255,True,0.005,future_public
W03,460.0,240.0,221.29999999999998,7197.621951219512,19.71951219512195,0.37367765173635376,0.36801279892906913,True,0.005,future_public
W03,460.0,240.0,221.29999999999998,7300.0,20.0,0.3856223208789529,0.36805604943573494,True,0.005,future_public
W04,560.0,250.0,221.34761904761905,3102.5,8.5,3.0742481646623757e-09,0.0,False,0.005,future_public
W04,560.0,250.0,221.34761904761905,3204.878048780488,8.78048780487805,8.804863774289206e-09,0.0,False,0.005,future_public
W04,560.0,250.0,221.34761904761905,3307.256097560976,9.060975609756099,2.3130817110613048e-08,0.0,False,0.005,future_public
W04,560.0,250.0,221.34761904761905,3409.6341463414633,9.341463414634147,5.6309174337332275e-08,0.0,False,0.005,future_public
W04,560.0,250.0,221.34761904761905,3512.012195121951,9.621951219512194,1.281283841929164e-07,0.0,False,0.005,future_public
W04,560.0,250.0,221.34761904761905,3614.390243902439,9.902439024390244,2.7453206680833195e-07,0.0,False,0.005,future_public
W04,560.0,250.0,221.34761904761905,3716.7682926829266,10.182926829268292,5.574027112906985e-07,0.0,False,0.005,future_public
W04,560.0,250.0,221.34761904761905,3819.1463414634145,10.463414634146341,1.078305140922821e-06,0.0,False,0.005,future_public
W04,560.0,250.0,221.34761904761905,3921.5243902439024,10.74390243902439,1.9969351070938304e-06,0.0,False,0.005,future_public
W04,560.0,250.0,221.34761904761905,4023.9024390243903,11.02439024390244,3.554878756140742e-06,0.0,False,0.005,future_public
W04,560.0,250.0,221.34761904761905,4126.280487804878,11.304878048780488,6.105066849757618e-06,0.0,False,0.005,future_public
W04,560.0,250.0,221.34761904761905,4228.658536585366,11.585365853658537,1.0147016314160277e-05,0.0,False,0.005,future_public
W04,560.0,250.0,221.34761904761905,4331.036585365853,11.865853658536585,1.6367611763701086e-05,0.0,False,0.005,future_public
W04,560.0,250.0,221.34761904761905,4433.414634146342,12.146341463414636,2.568681704133014e-05,0.0,False,0.005,future_public
W04,560.0,250.0,221.34761904761905,4535.792682926829,12.426829268292682,3.930734938155275e-05,0.0,False,0.005,future_public
W04,560.0,250.0,221.34761904761905,4638.170731707317,12.707317073170731,5.876702318874054e-05,0.0,False,0.005,future_public
W04,560.0,250.0,221.34761904761905,4740.548780487805,12.987804878048781,8.599219959354221e-05,0.0,False,0.005,future_public
W04,560.0,250.0,221.34761904761905,4842.926829268293,13.268292682926829,0.00012335057942138497,0.0,False,0.005,future_public
W04,560.0,250.0,221.34761904761905,4945.304878048781,13.548780487804878,0.00017370146214310835,0.0,False,0.005,future_public
W04,560.0,250.0,221.34761904761905,5047.682926829268,13.829268292682926,0.00024044156643063185,0.0,False,0.005,future_public
W04,560.0,250.0,221.34761904761905,5150.0609756097565,14.109756097560977,0.0003275445677090568,0.0,False,0.005,future_public
W04,560.0,250.0,221.34761904761905,5252.4390243902435,14.390243902439023,0.0004395926480086253,0.0,False,0.005,future_public
W04,560.0,250.0,221.34761904761905,5354.817073170731,14.670731707317072,0.0005817985628231579,0.0,False,0.005,future_public
W04,560.0,250.0,221.34761904761905,5457.195121951219,14.951219512195122,0.0007600169948952433,0.0,False,0.005,future_public
W04,560.0,250.0,221.34761904761905,5559.573170731707,15.231707317073171,0.0009807442699250781,0.0,False,0.005,future_public
W04,560.0,250.0,221.34761904761905,5661.951219512195,15.512195121951219,0.0012511058362919857,0.0,False,0.005,future_public
W04,560.0,250.0,221.34761904761905,5764.329268292683,15.792682926829269,0.0015788312404805078,0.0,False,0.005,future_public
W04,560.0,250.0,221.34761904761905,5866.707317073171,16.073170731707318,0.001972216641577734,0.0,False,0.005,future_public
W04,560.0,250.0,221.34761904761905,5969.085365853658,16.353658536585364,0.002440075182358783,0.0,False,0.005,future_public
W04,560.0,250.0,221.34761904761905,6071.463414634147,16.634146341463417,0.00299167575520486,0.0,False,0.005,future_public
W04,560.0,250.0,221.34761904761905,6173.841463414634,16.914634146341463,0.003636670859439092,0.0,False,0.005,future_public
W04,560.0,250.0,221.34761904761905,6276.219512195122,17.195121951219512,0.004385014343054964,0.0,False,0.005,future_public
W04,560.0,250.0,221.34761904761905,6378.59756097561,17.475609756097562,0.005246869866721552,0.0,False,0.005,future_public
W04,560.0,250.0,221.34761904761905,6480.975609756098,17.75609756097561,0.0062325109402606585,0.009882576255855214,True,0.005,future_public
W04,560.0,250.0,221.34761904761905,6583.3536585365855,18.036585365853657,0.007352213385192238,0.005265810472336287,True,0.005,future_public
W04,560.0,250.0,221.34761904761905,6685.7317073170725,18.317073170731707,0.008616141095305,0.007556728076648093,True,0.005,future_public
W04,560.0,250.0,221.34761904761905,6788.109756097561,18.597560975609756,0.010034226020026628,0.014036153776981603,True,0.005,future_public
W04,560.0,250.0,221.34761904761905,6890.487804878048,18.878048780487802,0.011616043394324779,0.009319019863223772,True,0.005,future_public
W04,560.0,250.0,221.34761904761905,6992.865853658536,19.15853658536585,0.013370683386075445,0.012826020852480835,True,0.005,future_public
W04,560.0,250.0,221.34761904761905,7095.243902439024,19.4390243902439,0.01530662051987874,0.0122242375652724,True,0.005,future_public
W04,560.0,250.0,221.34761904761905,7197.621951219512,19.71951219512195,0.01743158244988207,0.02010472619750965,True,0.005,future_public
W04,560.0,250.0,221.34761904761905,7300.0,20.0,0.01975241987271071,0.02158953940921747,True,0.005,future_public
W05,520.0,205.0,221.32857142857142,3102.5,8.5,1.2247520860768875e-06,0.0,False,0.005,future_public
W05,520.0,205.0,221.32857142857142,3204.878048780488,8.78048780487805,2.586460914760265e-06,0.0,False,0.005,future_public
W05,520.0,205.0,221.32857142857142,3307.256097560976,9.060975609756099,5.140686205519204e-06,0.0,False,0.005,future_public
W05,520.0,205.0,221.32857142857142,3409.6341463414633,9.341463414634147,9.684436945292095e-06,0.0,False,0.005,future_public
W05,520.0,205.0,221.32857142857142,3512.012195121951,9.621951219512194,1.7396964284631827e-05,0.0,False,0.005,future_public
W05,520.0,205.0,221.32857142857142,3614.390243902439,9.902439024390244,2.9953075402165993e-05,0.0,False,0.005,future_public
W05,520.0,205.0,221.32857142857142,3716.7682926829266,10.182926829268292,4.964618339369456e-05,0.0,False,0.005,future_public
W05,520.0,205.0,221.32857142857142,3819.1463414634145,10.463414634146341,7.951587955792557e-05,0.0,False,0.005,future_public
W05,520.0,205.0,221.32857142857142,3921.5243902439024,10.74390243902439,0.00012347401224230034,0.0,False,0.005,future_public
W05,520.0,205.0,221.32857142857142,4023.9024390243903,11.02439024390244,0.00018642290762720421,0.0,False,0.005,future_public
W05,520.0,205.0,221.32857142857142,4126.280487804878,11.304878048780488,0.00027435947317372417,0.0,False,0.005,future_public
W05,520.0,205.0,221.32857142857142,4228.658536585366,11.585365853658537,0.0003944594399109171,0.0,False,0.005,future_public
W05,520.0,205.0,221.32857142857142,4331.036585365853,11.865853658536585,0.0005551368498883972,0.0,False,0.005,future_public
W05,520.0,205.0,221.32857142857142,4433.414634146342,12.146341463414636,0.0007660749876838993,0.0,False,0.005,future_public
W05,520.0,205.0,221.32857142857142,4535.792682926829,12.426829268292682,0.0010382261933405102,0.0,False,0.005,future_public
W05,520.0,205.0,221.32857142857142,4638.170731707317,12.707317073170731,0.0013837792870282613,0.0,False,0.005,future_public
W05,520.0,205.0,221.32857142857142,4740.548780487805,12.987804878048781,0.0018160946033361424,0.0,False,0.005,future_public
W05,520.0,205.0,221.32857142857142,4842.926829268293,13.268292682926829,0.0023496078112611586,0.0,False,0.005,future_public
W05,520.0,205.0,221.32857142857142,4945.304878048781,13.548780487804878,0.002999704736588052,0.0,False,0.005,future_public
W05,520.0,205.0,221.32857142857142,5047.682926829268,13.829268292682926,0.0037825702721748424,0.0,False,0.005,future_public
W05,520.0,205.0,221.32857142857142,5150.0609756097565,14.109756097560977,0.004715015130926,0.008978894813768505,True,0.005,future_public
W05,520.0,205.0,221.32857142857142,5252.4390243902435,14.390243902439023,0.005814284631669904,0.005119064001061639,True,0.005,future_public
W05,520.0,205.0,221.32857142857142,5354.817073170731,14.670731707317072,0.007097853861398821,0.0,False,0.005,future_public
W05,520.0,205.0,221.32857142857142,5457.195121951219,14.951219512195122,0.008583213380179769,0.006497558618546985,True,0.005,future_public
W05,520.0,205.0,221.32857142857142,5559.573170731707,15.231707317073171,0.010287649115993792,0.01276116013991293,True,0.005,future_public
W05,520.0,205.0,221.32857142857142,5661.951219512195,15.512195121951219,0.012228019297864429,0.014075719080854502,True,0.005,future_public
W05,520.0,205.0,221.32857142857142,5764.329268292683,15.792682926829269,0.014420530342496761,0.01267330022530774,True,0.005,future_public
W05,520.0,205.0,221.32857142857142,5866.707317073171,16.073170731707318,0.016880512743392206,0.015455802920708323,True,0.005,future_public
W05,520.0,205.0,221.32857142857142,5969.085365853658,16.353658536585364,0.019622197414114823,0.023224103121558454,True,0.005,future_public
W05,520.0,205.0,221.32857142857142,6071.463414634147,16.634146341463417,0.022658492755115105,0.01979449156292154,True,0.005,future_public
W05,520.0,205.0,221.32857142857142,6173.841463414634,16.914634146341463,0.026000762998707037,0.028891306691776857,True,0.005,future_public
W05,520.0,205.0,221.32857142857142,6276.219512195122,17.195121951219512,0.02965860909033601,0.026229985955986333,True,0.005,future_public
W05,520.0,205.0,221.32857142857142,6378.59756097561,17.475609756097562,0.0336396543545785,0.02921770531485147,True,0.005,future_public
W05,520.0,205.0,221.32857142857142,6480.975609756098,17.75609756097561,0.03794933829295403,0.04053322815573167,True,0.005,future_public
W05,520.0,205.0,221.32857142857142,6583.3536585365855,18.036585365853657,0.04259072288178207,0.03878885795718596,True,0.005,future_public
W05,520.0,205.0,221.32857142857142,6685.7317073170725,18.317073170731707,0.04756431652214079,0.0497120041171843,True,0.005,future_public
W05,520.0,205.0,221.32857142857142,6788.109756097561,18.597560975609756,0.05286792122821362,0.049554211811100785,True,0.005,future_public
W05,520.0,205.0,221.32857142857142,6890.487804878048,18.878048780487802,0.05849650866894066,0.06425972429016015,True,0.005,future_public
W05,520.0,205.0,221.32857142857142,6992.865853658536,19.15853658536585,0.06444213029900829,0.06068310255251193,True,0.005,future_public
W05,520.0,205.0,221.32857142857142,7095.243902439024,19.4390243902439,0.07069386607115823,0.0751813451842454,True,0.005,future_public
W05,520.0,205.0,221.32857142857142,7197.621951219512,19.71951219512195,0.07723781518586444,0.07723830715852427,True,0.005,future_public
W05,520.0,205.0,221.32857142857142,7300.0,20.0,0.08405713109667654,0.08464999807670295,True,0.005,future_public
W06,520.0,295.0,221.32857142857142,3102.5,8.5,1.9519968256567507e-15,0.0,False,0.005,future_public
W06,520.0,295.0,221.32857142857142,3204.878048780488,8.78048780487805,9.083983369374643e-15,0.0,False,0.005,future_public
W06,520.0,295.0,221.32857142857142,3307.256097560976,9.060975609756099,3.723998964755158e-14,0.0,False,0.005,future_public
W06,520.0,295.0,221.32857142857142,3409.6341463414633,9.341463414634147,1.36505900144933e-13,0.0,False,0.005,future_public
W06,520.0,295.0,221.32857142857142,3512.012195121951,9.621951219512194,4.531220702589688e-13,0.0,False,0.005,future_public
W06,520.0,295.0,221.32857142857142,3614.390243902439,9.902439024390244,1.3769593722060122e-12,0.0,False,0.005,future_public
W06,520.0,295.0,221.32857142857142,3716.7682926829266,10.182926829268292,3.866603825441355e-12,0.0,False,0.005,future_public
W06,520.0,295.0,221.32857142857142,3819.1463414634145,10.463414634146341,1.0114625452135314e-11,0.0,False,0.005,future_public
W06,520.0,295.0,221.32857142857142,3921.5243902439024,10.74390243902439,2.4821448635408336e-11,0.0,False,0.005,future_public
W06,520.0,295.0,221.32857142857142,4023.9024390243903,11.02439024390244,5.7493185871945246e-11,0.0,False,0.005,future_public
W06,520.0,295.0,221.32857142857142,4126.280487804878,11.304878048780488,1.2636918502946605e-10,0.0,False,0.005,future_public
W06,520.0,295.0,221.32857142857142,4228.658536585366,11.585365853658537,2.6481557900478005e-10,0.0,False,0.005,future_public
W06,520.0,295.0,221.32857142857142,4331.036585365853,11.865853658536585,5.312816693534547e-10,0.0,False,0.005,future_public
W06,520.0,295.0,221.32857142857142,4433.414634146342,12.146341463414636,1.024189231613932e-09,0.0,False,0.005,future_public
W06,520.0,295.0,221.32857142857142,4535.792682926829,12.426829268292682,1.903387162243533e-09,0.0,False,0.005,future_public
W06,520.0,295.0,221.32857142857142,4638.170731707317,12.707317073170731,3.4200271479874304e-09,0.0,False,0.005,future_public
W06,520.0,295.0,221.32857142857142,4740.548780487805,12.987804878048781,5.9568702178725995e-09,0.0,False,0.005,future_public
W06,520.0,295.0,221.32857142857142,4842.926829268293,13.268292682926829,1.0081090360711487e-08,0.0,False,0.005,future_public
W06,520.0,295.0,221.32857142857142,4945.304878048781,13.548780487804878,1.6611575452093466e-08,0.0,False,0.005,future_public
W06,520.0,295.0,221.32857142857142,5047.682926829268,13.829268292682926,2.6702520275326607e-08,0.0,False,0.005,future_public
W06,520.0,295.0,221.32857142857142,5150.0609756097565,14.109756097560977,4.194475342217042e-08,0.0,False,0.005,future_public
W06,520.0,295.0,221.32857142857142,5252.4390243902435,14.390243902439023,6.448574174627319e-08,0.0,False,0.005,future_public
W06,520.0,295.0,221.32857142857142,5354.817073170731,14.670731707317072,9.71685859072808e-08,0.0,False,0.005,future_public
W06,520.0,295.0,221.32857142857142,5457.195121951219,14.951219512195122,1.43689581422351e-07,0.0,False,0.005,future_public
W06,520.0,295.0,221.32857142857142,5559.573170731707,15.231707317073171,2.08773102968491e-07,0.0,False,0.005,future_public
W06,520.0,295.0,221.32857142857142,5661.951219512195,15.512195121951219,2.9836171311441917e-07,0.0,False,0.005,future_public
W06,520.0,295.0,221.32857142857142,5764.329268292683,15.792682926829269,4.198185415220142e-07,0.0,False,0.005,future_public
W06,520.0,295.0,221.32857142857142,5866.707317073171,16.073170731707318,5.821381691797807e-07,0.0,False,0.005,future_public
W06,520.0,295.0,221.32857142857142,5969.085365853658,16.353658536585364,7.961615248570795e-07,0.0,False,0.005,future_public
W06,520.0,295.0,221.32857142857142,6071.463414634147,16.634146341463417,1.0747896938179804e-06,0.0,False,0.005,future_public
W06,520.0,295.0,221.32857142857142,6173.841463414634,16.914634146341463,1.4331910814564583e-06,0.0,False,0.005,future_public
W06,520.0,295.0,221.32857142857142,6276.219512195122,17.195121951219512,1.8889960880174983e-06,0.0,False,0.005,future_public
W06,520.0,295.0,221.32857142857142,6378.59756097561,17.475609756097562,2.4624733462391612e-06,0.0,False,0.005,future_public
W06,520.0,295.0,221.32857142857142,6480.975609756098,17.75609756097561,3.1766816523510324e-06,0.0,False,0.005,future_public
W06,520.0,295.0,221.32857142857142,6583.3536585365855,18.036585365853657,4.057591972776078e-06,0.0,False,0.005,future_public
W06,520.0,295.0,221.32857142857142,6685.7317073170725,18.317073170731707,5.134174315259991e-06,0.0,False,0.005,future_public
W06,520.0,295.0,221.32857142857142,6788.109756097561,18.597560975609756,6.4384447880706175e-06,0.0,False,0.005,future_public
W06,520.0,295.0,221.32857142857142,6890.487804878048,18.878048780487802,8.005468804340116e-06,0.0,False,0.005,future_public
W06,520.0,295.0,221.32857142857142,6992.865853658536,19.15853658536585,9.873317089831304e-06,0.0,False,0.005,future_public
W06,520.0,295.0,221.32857142857142,7095.243902439024,19.4390243902439,1.2082971893296987e-05,0.0,False,0.005,future_public
W06,520.0,295.0,221.32857142857142,7197.621951219512,19.71951219512195,1.4678181556465572e-05,0.0,False,0.005,future_public
W06,520.0,295.0,221.32857142857142,7300.0,20.0,1.7705262359977782e-05,0.0,False,0.005,future_public
W07,680.0,260.0,221.38571428571427,3102.5,8.5,1.8725109429928903e-20,0.0,False,0.005,future_public
W07,680.0,260.0,221.38571428571427,3204.878048780488,8.78048780487805,1.934986129808806e-19,0.0,False,0.005,future_public
W07,680.0,260.0,221.38571428571427,3307.256097560976,9.060975609756099,1.650754562408486e-18,0.0,False,0.005,future_public
W07,680.0,260.0,221.38571428571427,3409.6341463414633,9.341463414634147,1.1886986872591624e-17,0.0,False,0.005,future_public
W07,680.0,260.0,221.38571428571427,3512.012195121951,9.621951219512194,7.363205252641802e-17,0.0,False,0.005,future_public
W07,680.0,260.0,221.38571428571427,3614.390243902439,9.902439024390244,3.987740426497735e-16,0.0,False,0.005,future_public
W07,680.0,260.0,221.38571428571427,3716.7682926829266,10.182926829268292,1.9149006791373533e-15,0.0,False,0.005,future_public
W07,680.0,260.0,221.38571428571427,3819.1463414634145,10.463414634146341,8.253022378521543e-15,0.0,False,0.005,future_public
W07,680.0,260.0,221.38571428571427,3921.5243902439024,10.74390243902439,3.2265319235987684e-14,0.0,False,0.005,future_public
W07,680.0,260.0,221.38571428571427,4023.9024390243903,11.02439024390244,1.1549104326130637e-13,0.0,False,0.005,future_public
W07,680.0,260.0,221.38571428571427,4126.280487804878,11.304878048780488,3.815864019682703e-13,0.0,False,0.005,future_public
W07,680.0,260.0,221.38571428571427,4228.658536585366,11.585365853658537,1.1721759482070618e-12,0.0,False,0.005,future_public
W07,680.0,260.0,221.38571428571427,4331.036585365853,11.865853658536585,3.369072045346983e-12,0.0,False,0.005,future_public
W07,680.0,260.0,221.38571428571427,4433.414634146342,12.146341463414636,9.111634223072589e-12,0.0,False,0.005,future_public
W07,680.0,260.0,221.38571428571427,4535.792682926829,12.426829268292682,2.33040878142193e-11,0.0,False,0.005,future_public
W07,680.0,260.0,221.38571428571427,4638.170731707317,12.707317073170731,5.661937142916491e-11,0.0,False,0.005,future_public
W07,680.0,260.0,221.38571428571427,4740.548780487805,12.987804878048781,1.3120137076526503e-10,0.0,False,0.005,future_public
W07,680.0,260.0,221.38571428571427,4842.926829268293,13.268292682926829,2.910161933916908e-10,0.0,False,0.005,future_public
W07,680.0,260.0,221.38571428571427,4945.304878048781,13.548780487804878,6.198837613207695e-10,0.0,False,0.005,future_public
W07,680.0,260.0,221.38571428571427,5047.682926829268,13.829268292682926,1.2717134698244883e-09,0.0,False,0.005,future_public
W07,680.0,260.0,221.38571428571427,5150.0609756097565,14.109756097560977,2.519444417232952e-09,0.0,False,0.005,future_public
W07,680.0,260.0,221.38571428571427,5252.4390243902435,14.390243902439023,4.8317053213243615e-09,0.0,False,0.005,future_public
W07,680.0,260.0,221.38571428571427,5354.817073170731,14.670731707317072,8.98928429358096e-09,0.0,False,0.005,future_public
W07,680.0,260.0,221.38571428571427,5457.195121951219,14.951219512195122,1.6257114255954147e-08,0.0,False,0.005,future_public
W07,680.0,260.0,221.38571428571427,5559.573170731707,15.231707317073171,2.8631564279249516e-08,0.0,False,0.005,future_public
W07,680.0,260.0,221.38571428571427,5661.951219512195,15.512195121951219,4.918725135486454e-08,0.0,False,0.005,future_public
W07,680.0,260.0,221.38571428571427,5764.329268292683,15.792682926829269,8.255216354907822e-08,0.0,False,0.005,future_public
W07,680.0,260.0,221.38571428571427,5866.707317073171,16.073170731707318,1.3554437265740764e-07,0.0,False,0.005,future_public
W07,680.0,260.0,221.38571428571427,5969.085365853658,16.353658536585364,2.1800772682119962e-07,0.0,False,0.005,future_public
W07,680.0,260.0,221.38571428571427,6071.463414634147,16.634146341463417,3.438873361727015e-07,0.0,False,0.005,future_public
W07,680.0,260.0,221.38571428571427,6173.841463414634,16.914634146341463,5.325880716657086e-07,0.0,False,0.005,future_public
W07,680.0,260.0,221.38571428571427,6276.219512195122,17.195121951219512,8.106603730406516e-07,0.0,False,0.005,future_public
W07,680.0,260.0,221.38571428571427,6378.59756097561,17.475609756097562,1.2138571220713268e-06,0.0,False,0.005,future_public
W07,680.0,260.0,221.38571428571427,6480.975609756098,17.75609756097561,1.7896029495019138e-06,0.0,False,0.005,future_public
W07,680.0,260.0,221.38571428571427,6583.3536585365855,18.036585365853657,2.5999129458258636e-06,0.0,False,0.005,future_public
W07,680.0,260.0,221.38571428571427,6685.7317073170725,18.317073170731707,3.724791258287452e-06,0.0,False,0.005,future_public
W07,680.0,260.0,221.38571428571427,6788.109756097561,18.597560975609756,5.266131492598315e-06,0.0,False,0.005,future_public
W07,680.0,260.0,221.38571428571427,6890.487804878048,18.878048780487802,7.35213030679673e-06,0.0,False,0.005,future_public
W07,680.0,260.0,221.38571428571427,6992.865853658536,19.15853658536585,1.0142213288178915e-05,0.0,False,0.005,future_public
W07,680.0,260.0,221.38571428571427,7095.243902439024,19.4390243902439,1.3832458428353071e-05,0.0,False,0.005,future_public
W07,680.0,260.0,221.38571428571427,7197.621951219512,19.71951219512195,1.8661487612949272e-05,0.0,False,0.005,future_public
W07,680.0,260.0,221.38571428571427,7300.0,20.0,2.491678093095996e-05,0.0,False,0.005,future_public
W08,760.0,210.0,221.4047619047619,3102.5,8.5,6.667636379088522e-29,0.0,False,0.005,future_public
W08,760.0,210.0,221.4047619047619,3204.878048780488,8.78048780487805,1.8669347481097487e-27,0.0,False,0.005,future_public
W08,760.0,210.0,221.4047619047619,3307.256097560976,9.060975609756099,3.98416938500013e-26,0.0,False,0.005,future_public
W08,760.0,210.0,221.4047619047619,3409.6341463414633,9.341463414634147,6.686002327807706e-25,0.0,False,0.005,future_public
W08,760.0,210.0,221.4047619047619,3512.012195121951,9.621951219512194,9.061244562744983e-24,0.0,False,0.005,future_public
W08,760.0,210.0,221.4047619047619,3614.390243902439,9.902439024390244,1.0146903415087662e-22,0.0,False,0.005,future_public
W08,760.0,210.0,221.4047619047619,3716.7682926829266,10.182926829268292,9.575834766328406e-22,0.0,False,0.005,future_public
W08,760.0,210.0,221.4047619047619,3819.1463414634145,10.463414634146341,7.747425394404198e-21,0.0,False,0.005,future_public
W08,760.0,210.0,221.4047619047619,3921.5243902439024,10.74390243902439,5.454626839594208e-20,0.0,False,0.005,future_public
W08,760.0,210.0,221.4047619047619,4023.9024390243903,11.02439024390244,3.385988524307868e-19,0.0,False,0.005,future_public
W08,760.0,210.0,221.4047619047619,4126.280487804878,11.304878048780488,1.874657270193177e-18,0.0,False,0.005,future_public
W08,760.0,210.0,221.4047619047619,4228.658536585366,11.585365853658537,9.35176998904264e-18,0.0,False,0.005,future_public
W08,760.0,210.0,221.4047619047619,4331.036585365853,11.865853658536585,4.241498828170423e-17,0.0,False,0.005,future_public
W08,760.0,210.0,221.4047619047619,4433.414634146342,12.146341463414636,1.7631263285965142e-16,0.0,False,0.005,future_public
W08,760.0,210.0,221.4047619047619,4535.792682926829,12.426829268292682,6.765427853502535e-16,0.0,False,0.005,future_public
W08,760.0,210.0,221.4047619047619,4638.170731707317,12.707317073170731,2.411774970625558e-15,0.0,False,0.005,future_public
W08,760.0,210.0,221.4047619047619,4740.548780487805,12.987804878048781,8.033480816212506e-15,0.0,False,0.005,future_public
W08,760.0,210.0,221.4047619047619,4842.926829268293,13.268292682926829,2.513280565206408e-14,0.0,False,0.005,future_public
W08,760.0,210.0,221.4047619047619,4945.304878048781,13.548780487804878,7.419460738268074e-14,0.0,False,0.005,future_public
W08,760.0,210.0,221.4047619047619,5047.682926829268,13.829268292682926,2.075519991240006e-13,0.0,False,0.005,future_public
W08,760.0,210.0,221.4047619047619,5150.0609756097565,14.109756097560977,5.522826295090881e-13,0.0,False,0.005,future_public
W08,760.0,210.0,221.4047619047619,5252.4390243902435,14.390243902439023,1.4027475892471828e-12,0.0,False,0.005,future_public
W08,760.0,210.0,221.4047619047619,5354.817073170731,14.670731707317072,3.4115306563126334e-12,0.0,False,0.005,future_public
W08,760.0,210.0,221.4047619047619,5457.195121951219,14.951219512195122,7.967415814638616e-12,0.0,False,0.005,future_public
W08,760.0,210.0,221.4047619047619,5559.573170731707,15.231707317073171,1.7915251816386758e-11,0.0,False,0.005,future_public
W08,760.0,210.0,221.4047619047619,5661.951219512195,15.512195121951219,3.8878333244231764e-11,0.0,False,0.005,future_public
W08,760.0,210.0,221.4047619047619,5764.329268292683,15.792682926829269,8.160692049063016e-11,0.006002389774708688,True,0.005,future_public
W08,760.0,210.0,221.4047619047619,5866.707317073171,16.073170731707318,1.6601923312054883e-10,0.0,False,0.005,future_public
W08,760.0,210.0,221.4047619047619,5969.085365853658,16.353658536585364,3.2795115691398025e-10,0.0,False,0.005,future_public
W08,760.0,210.0,221.4047619047619,6071.463414634147,16.634146341463417,6.301200450917952e-10,0.0,False,0.005,future_public
W08,760.0,210.0,221.4047619047619,6173.841463414634,16.914634146341463,1.179471942013445e-09,0.0,False,0.005,future_public
W08,760.0,210.0,221.4047619047619,6276.219512195122,17.195121951219512,2.1539576729903895e-09,0.0,False,0.005,future_public
W08,760.0,210.0,221.4047619047619,6378.59756097561,17.475609756097562,3.84290819903279e-09,0.0,False,0.005,future_public
W08,760.0,210.0,221.4047619047619,6480.975609756098,17.75609756097561,6.706586274580373e-09,0.0,False,0.005,future_public
W08,760.0,210.0,221.4047619047619,6583.3536585365855,18.036585365853657,1.1462205127511064e-08,0.0,False,0.005,future_public
W08,760.0,210.0,221.4047619047619,6685.7317073170725,18.317073170731707,1.92057395270696e-08,0.0,False,0.005,future_public
W08,760.0,210.0,221.4047619047619,6788.109756097561,18.597560975609756,3.158120875904468e-08,0.0,False,0.005,future_public
W08,760.0,210.0,221.4047619047619,6890.487804878048,18.878048780487802,5.101176424071657e-08,0.0,False,0.005,future_public
W08,760.0,210.0,221.4047619047619,6992.865853658536,19.15853658536585,8.10098244164081e-08,0.0,False,0.005,future_public
W08,760.0,210.0,221.4047619047619,7095.243902439024,19.4390243902439,1.2658659997788156e-07,0.0,False,0.005,future_public
W08,760.0,210.0,221.4047619047619,7197.621951219512,19.71951219512195,1.947845526774338e-07,0.0,False,0.005,future_public
W08,760.0,210.0,221.4047619047619,7300.0,20.0,2.9535951672765277e-07,0.0,False,0.005,future_public
